{"type":"FeatureCollection","features":[{"type":"Feature","properties":{"name":"Irrawaddy Delta","r":1.0},"geometry":{"type":"MultiLineString","coordinates":[[[95.451,17.821],[95.388,17.824],[95.305,17.75],[95.255,17.748],[95.209,17.664],[95.211,17.632],[95.172,17.619],[95.156,17.597],[95.166,17.568],[95.167,17.542],[95.109,17.488],[95.098,17.468],[95.076,17.445],[95.092,17.43],[95.075,17.38],[95.023,17.341],[94.999,17.354],[94.961,17.354],[94.938,17.33],[94.936,17.293],[94.93,17.279],[94.957,17.229],[94.931,17.208],[94.92,17.186],[94.908,17.168],[94.897,17.158],[94.876,17.135],[94.859,17.095],[94.842,17.085],[94.824,17.075],[94.823,17.059],[94.837,17.039],[94.826,17.026],[94.788,17.028],[94.776,17.003],[94.741,16.971],[94.744,16.954],[94.737,16.842],[94.727,16.764],[94.745,16.72],[94.735,16.71],[94.725,16.693],[94.732,16.659],[94.725,16.635],[94.698,16.59],[94.693,16.557],[94.677,16.532]],[[95.45,17.791],[95.486,17.827],[95.487,17.878],[95.493,17.909],[95.537,17.925],[95.574,17.921],[95.587,17.895],[95.61,17.885],[95.602,17.824],[95.614,17.79],[95.631,17.756],[95.644,17.734],[95.659,17.728],[95.686,17.719],[95.684,17.707],[95.667,17.695],[95.666,17.682],[95.713,17.616],[95.727,17.599],[95.725,17.532],[95.759,17.514],[95.787,17.48],[95.778,17.459],[95.791,17.45],[95.802,17.438],[95.811,17.411],[95.809,17.393],[95.832,17.364],[95.842,17.341],[95.848,17.301],[95.866,17.261],[95.893,17.238],[95.908,17.228],[95.914,17.201],[95.945,17.176],[95.956,17.144],[95.938,17.107],[95.943,17.074],[95.949,17.047],[95.962,17.031],[96.025,17.0],[96.061,16.953],[96.087,16.9],[96.114,16.838],[96.122,16.804],[96.129,16.777],[96.158,16.77]],[[95.465,17.707],[95.432,17.706],[95.418,17.708],[95.375,17.697],[95.369,17.635],[95.329,17.644],[95.308,17.618],[95.328,17.595],[95.325,17.553],[95.266,17.498],[95.342,17.457],[95.325,17.43],[95.313,17.432],[95.302,17.416],[95.311,17.395],[95.327,17.363],[95.328,17.34],[95.302,17.333],[95.261,17.339],[95.268,17.362],[95.28,17.378],[95.273,17.388],[95.264,17.393],[95.259,17.381],[95.243,17.359],[95.239,17.33],[95.27,17.309],[95.264,17.302],[95.228,17.314],[95.213,17.296],[95.242,17.266],[95.251,17.237],[95.246,17.208],[95.266,17.196],[95.246,17.163],[95.205,17.141],[95.191,17.114],[95.198,17.078],[95.211,17.049],[95.191,16.981],[95.156,16.929],[95.176,16.906],[95.184,16.878],[95.201,16.871],[95.22,16.844],[95.232,16.826],[95.22,16.817],[95.197,16.758],[95.191,16.706],[95.18,16.704],[95.157,16.707],[95.163,16.686],[95.149,16.646],[95.122,16.621],[95.13,16.578],[95.091,16.565],[95.038,16.561],[95.038,16.543],[95.027,16.524],[94.993,16.495],[94.982,16.453],[94.952,16.346],[94.934,16.316],[94.866,16.258],[94.847,16.228],[94.808,16.204],[94.794,16.169]],[[95.607,16.858],[95.635,16.831],[95.667,16.816],[95.656,16.757],[95.683,16.725],[95.742,16.724],[95.768,16.703],[95.782,16.651],[95.786,16.638],[95.809,16.635],[95.828,16.651],[95.852,16.662],[95.866,16.64],[95.89,16.614],[95.883,16.58],[95.876,16.525],[95.835,16.497],[95.851,16.471],[95.869,16.46],[95.871,16.433],[95.893,16.415],[95.951,16.402],[95.997,16.397]],[[95.479,16.806],[95.483,16.765],[95.465,16.731],[95.446,16.726],[95.437,16.706],[95.441,16.695],[95.437,16.683],[95.426,16.683],[95.417,16.679],[95.404,16.545],[95.385,16.509],[95.373,16.502],[95.379,16.49],[95.382,16.474],[95.349,16.402],[95.325,16.393],[95.311,16.357],[95.289,16.322],[95.273,16.23],[95.272,16.169],[95.234,16.122],[95.186,16.048],[95.17,16.039],[95.15,16.038],[95.132,16.025]]]}},{"type":"Feature","properties":{"name":"Bogcang","r":9.0},"geometry":{"type":"MultiLineString","coordinates":[[[85.749,31.868],[85.751,31.867]],[[85.751,31.867],[85.771,31.851],[85.811,31.841],[85.855,31.828],[85.933,31.826],[85.958,31.831],[86.0,31.849],[86.032,31.865],[86.084,31.868],[86.127,31.898],[86.171,31.9],[86.415,31.813],[86.445,31.817],[86.461,31.829],[86.478,31.835],[86.499,31.835],[86.565,31.799],[86.711,31.765],[86.877,31.766],[86.916,31.783],[86.95,31.79],[87.021,31.762],[87.068,31.726],[87.126,31.759],[87.208,31.786],[87.232,31.816],[87.249,31.858],[87.276,31.884],[87.32,31.896],[87.414,31.887]],[[85.751,31.867],[85.755,31.868]],[[85.803,31.656],[85.734,31.663],[85.688,31.684],[85.626,31.687],[85.563,31.724],[85.575,31.778],[85.631,31.8],[85.721,31.859]]]}},{"type":"Feature","properties":{"name":null,"r":9.0},"geometry":{"type":"MultiLineString","coordinates":[[[85.433,30.024],[85.48,30.079],[85.519,30.099],[85.567,30.084],[85.605,30.083],[85.631,30.1],[85.664,30.095],[85.691,30.104],[85.716,30.137],[85.806,30.16],[85.861,30.218],[85.921,30.239],[85.946,30.268],[85.958,30.309],[85.933,30.34],[85.877,30.358],[85.855,30.416],[85.78,30.498],[85.731,30.529],[85.706,30.56],[85.579,30.566],[85.517,30.583],[85.452,30.627],[85.411,30.644],[85.297,30.651],[85.213,30.676],[85.191,30.703],[85.179,30.741],[85.156,30.765],[85.127,30.832],[85.125,30.947],[85.133,30.991],[85.145,31.011],[85.183,31.029],[85.228,31.032],[85.254,31.049],[85.292,31.073],[85.325,31.062],[85.376,31.06],[85.398,31.039]]]}},{"type":"Feature","properties":{"name":"Qarqan","r":9.0},"geometry":{"type":"MultiLineString","coordinates":[[[87.282,36.505],[87.236,36.543],[87.232,36.579],[87.256,36.628],[87.221,36.704],[87.177,36.731],[87.155,36.762],[87.177,36.79],[87.189,36.827],[87.156,36.892],[87.12,36.97],[87.077,37.012],[87.047,37.021],[87.005,37.022],[86.951,37.068],[86.964,37.128],[87.064,37.211],[87.071,37.231],[87.072,37.251],[87.057,37.375],[87.183,37.402],[87.24,37.451],[87.247,37.467]]]}},{"type":"Feature","properties":{"name":"Zi","r":9.0},"geometry":{"type":"MultiLineString","coordinates":[[[95.599,33.277],[95.692,33.244],[95.866,32.996],[95.896,32.979],[95.931,32.975],[95.955,32.958],[96.035,32.943],[96.081,32.917],[96.128,32.888],[96.226,32.896],[96.249,32.87],[96.307,32.849],[96.325,32.829],[96.376,32.791],[96.424,32.764],[96.468,32.734],[96.545,32.696],[96.558,32.621],[96.582,32.572],[96.637,32.52],[96.794,32.412],[96.865,32.372],[96.897,32.324],[96.914,32.281],[96.903,32.259],[96.879,32.258],[96.856,32.265],[96.924,32.193],[97.021,32.149],[97.032,32.121],[97.021,32.094],[97.004,32.079],[96.999,32.067],[97.0,32.047],[96.959,32.01],[96.945,31.964]]]}},{"type":"Feature","properties":{"name":"Kaladan","r":9.0},"geometry":{"type":"MultiLineString","coordinates":[[[93.073,20.555],[93.051,20.593],[93.014,20.626],[93.005,20.698],[92.986,20.723],[92.967,20.727],[92.961,20.747],[92.979,20.803],[92.972,20.863],[92.999,20.885],[93.008,20.899],[93.007,20.916],[92.997,20.95],[92.984,20.977],[92.996,21.002],[92.994,21.018],[92.979,21.03],[92.972,21.066],[92.958,21.111],[92.922,21.178],[92.915,21.204],[92.883,21.238],[92.869,21.262],[92.857,21.304],[92.79,21.429],[92.78,21.473],[92.753,21.506],[92.737,21.558],[92.755,21.588],[92.772,21.593],[92.779,21.611],[92.769,21.694],[92.782,21.731],[92.845,21.746],[92.875,21.77],[92.88,21.811],[92.87,21.873],[92.849,21.891],[92.839,21.922],[92.836,22.101],[92.844,22.164],[92.835,22.3],[92.839,22.315],[92.848,22.326],[92.882,22.338],[92.914,22.391],[92.945,22.392],[92.952,22.408],[92.936,22.458],[92.941,22.712],[92.932,22.732],[92.91,22.796],[92.913,22.829],[92.937,22.864],[92.956,22.911],[92.976,22.936],[93.008,22.944],[93.026,22.932],[93.061,22.89],[93.112,22.8],[93.125,22.822],[93.175,22.882],[93.171,22.921],[93.143,22.978],[93.14,23.032],[93.177,23.059],[93.212,23.04],[93.246,23.005],[93.298,23.018],[93.333,23.053],[93.375,23.142],[93.372,23.17],[93.376,23.28],[93.384,23.313],[93.407,23.347],[93.405,23.368],[93.4,23.454],[93.43,23.68],[93.412,23.709]]]}},{"type":"Feature","properties":{"name":"Mytitha","r":9.0},"geometry":{"type":"MultiLineString","coordinates":[[[93.638,21.94],[93.835,21.971],[93.88,21.971],[93.897,21.962],[93.929,21.935],[93.967,21.922],[93.993,21.926],[94.021,21.95],[94.052,21.97],[94.043,21.978],[94.04,21.987],[94.044,21.993],[94.059,22.014],[94.067,22.03],[94.078,22.035],[94.095,22.036],[94.107,22.052],[94.117,22.094],[94.111,22.114],[94.112,22.16],[94.137,22.201],[94.126,22.226],[94.126,22.244],[94.138,22.276],[94.134,22.298],[94.135,22.314],[94.144,22.337],[94.125,22.391],[94.101,22.399],[94.1,22.434],[94.125,22.44],[94.142,22.5],[94.137,22.526],[94.121,22.551],[94.117,22.578],[94.106,22.814],[94.102,22.869],[94.061,22.926],[94.053,22.956],[94.062,22.988],[94.088,23.04],[94.079,23.048],[94.08,23.058],[94.108,23.122],[94.105,23.15],[94.092,23.176],[94.111,23.202],[94.116,23.234],[94.128,23.245],[94.152,23.249],[94.177,23.245],[94.203,23.221],[94.223,23.21]]]}},{"type":"Feature","properties":{"name":"Son","r":9.0},"geometry":{"type":"MultiLineString","coordinates":[[[82.047,22.706],[82.056,22.746],[82.043,22.803],[82.05,22.855],[82.075,22.895],[82.092,22.924],[82.073,22.945],[81.986,23.038],[81.956,23.068],[81.773,23.13],[81.704,23.132],[81.674,23.154],[81.649,23.192],[81.618,23.193],[81.613,23.213],[81.602,23.22],[81.578,23.246],[81.562,23.257],[81.54,23.261],[81.52,23.283],[81.497,23.292],[81.479,23.294],[81.471,23.323],[81.479,23.35],[81.461,23.397],[81.435,23.405],[81.407,23.4],[81.404,23.426],[81.391,23.426],[81.376,23.427],[81.355,23.426],[81.348,23.444],[81.327,23.457],[81.297,23.456],[81.289,23.549],[81.275,23.571],[81.242,23.58],[81.241,23.597],[81.245,23.618],[81.225,23.652],[81.232,23.696],[81.222,23.737],[81.174,23.807],[81.201,23.829],[81.242,23.835],[81.239,23.857],[81.223,23.856],[81.214,23.86],[81.196,23.877],[81.187,23.884],[81.164,23.888],[81.155,23.906],[81.159,23.924],[81.129,23.939],[81.116,23.959],[81.102,23.974],[81.061,23.97],[81.052,24.001],[81.001,24.066],[81.009,24.097],[81.109,24.132],[81.149,24.136],[81.208,24.122],[81.232,24.158],[81.261,24.183],[81.328,24.195],[81.356,24.21],[81.397,24.258],[81.441,24.262],[81.452,24.273],[81.455,24.292],[81.471,24.304],[81.553,24.333],[81.599,24.38],[81.636,24.406],[81.666,24.399],[81.689,24.401],[81.721,24.413],[81.779,24.44],[81.972,24.48],[82.143,24.516],[82.205,24.536],[82.223,24.56],[82.298,24.534],[82.321,24.535],[82.335,24.553],[82.352,24.562],[82.473,24.532],[82.554,24.53],[82.632,24.559],[82.661,24.58],[82.68,24.585],[82.715,24.586],[82.73,24.599],[82.761,24.604],[82.825,24.601],[82.865,24.616],[82.911,24.611],[82.962,24.556],[82.972,24.549],[82.997,24.541],[83.027,24.529],[83.049,24.495],[83.079,24.474],[83.278,24.47],[83.343,24.502],[83.41,24.51],[83.438,24.521],[83.637,24.517],[83.75,24.508],[83.788,24.537],[83.819,24.541],[83.85,24.535],[83.88,24.541],[83.938,24.549],[83.966,24.576],[83.973,24.618],[83.99,24.646],[84.055,24.741],[84.106,24.81],[84.17,24.828],[84.195,24.851],[84.216,24.902],[84.29,24.978],[84.301,25.023],[84.321,25.046],[84.428,25.082],[84.458,25.141],[84.486,25.181],[84.563,25.22],[84.606,25.242],[84.652,25.245],[84.671,25.276],[84.734,25.348],[84.754,25.399],[84.775,25.433],[84.774,25.459],[84.768,25.484],[84.779,25.526],[84.785,25.553],[84.809,25.585],[84.811,25.612],[84.802,25.639],[84.859,25.687]]]}},{"type":"Feature","properties":{"name":null,"r":9.0},"geometry":{"type":"MultiLineString","coordinates":[[[77.765,13.119],[77.78,12.987],[77.82,12.916],[77.833,12.876],[77.844,12.857],[77.873,12.83],[77.881,12.797],[77.885,12.745],[77.893,12.725],[77.888,12.7],[77.987,12.596],[78.059,12.571],[78.119,12.573],[78.134,12.532],[78.176,12.482],[78.265,12.338],[78.284,12.289],[78.309,12.259],[78.33,12.256],[78.354,12.228],[78.383,12.21],[78.467,12.176],[78.528,12.171],[78.56,12.184],[78.572,12.183],[78.58,12.167],[78.598,12.166],[78.614,12.18],[78.635,12.148],[78.639,12.099],[78.704,12.118],[78.758,12.167],[78.816,12.186],[78.848,12.18],[78.863,12.159],[78.905,12.129],[78.957,12.071],[79.025,12.026],[79.057,12.006],[79.101,11.995],[79.122,11.973],[79.159,11.961],[79.214,11.96],[79.24,11.943],[79.251,11.94],[79.262,11.946],[79.286,11.944],[79.299,11.937],[79.375,11.913],[79.428,11.887],[79.455,11.868],[79.604,11.83],[79.619,11.824],[79.632,11.806],[79.652,11.805],[79.749,11.773]]]}},{"type":"Feature","properties":{"name":null,"r":9.0},"geometry":{"type":"MultiLineString","coordinates":[[[85.186,23.309],[85.223,23.306],[85.251,23.289],[85.305,23.289],[85.335,23.306],[85.36,23.344],[85.374,23.372],[85.439,23.399],[85.477,23.447],[85.528,23.465],[85.551,23.466],[85.587,23.46],[85.617,23.467],[85.642,23.455],[85.734,23.453],[85.764,23.465],[85.788,23.465],[85.82,23.453],[85.837,23.439],[85.847,23.426],[85.885,23.426],[85.894,23.41],[85.885,23.391],[85.881,23.356],[85.859,23.329],[85.833,23.283],[85.839,23.241],[85.878,23.189],[85.886,23.166],[85.914,23.127],[85.953,23.086],[86.017,23.037],[86.022,22.949],[86.032,22.912],[86.067,22.887],[86.112,22.877],[86.136,22.852],[86.18,22.834],[86.293,22.792],[86.307,22.767],[86.33,22.732],[86.351,22.719],[86.368,22.718],[86.382,22.698],[86.385,22.685],[86.38,22.675],[86.382,22.661],[86.491,22.547],[86.51,22.508],[86.591,22.419],[86.612,22.369],[86.641,22.33],[86.66,22.295],[86.66,22.257],[86.673,22.227],[86.784,22.209],[86.818,22.222],[86.83,22.225],[86.856,22.196],[86.875,22.195],[86.88,22.217],[86.891,22.221],[86.923,22.208],[86.945,22.206],[86.978,22.212],[86.993,22.19],[87.01,22.174],[87.03,22.173],[87.074,22.157],[87.16,22.076],[87.218,22.017],[87.222,21.998],[87.224,21.966],[87.242,21.939],[87.246,21.856],[87.222,21.849],[87.209,21.807],[87.169,21.781],[87.163,21.767],[87.184,21.757],[87.201,21.737],[87.262,21.696],[87.289,21.694],[87.296,21.705],[87.307,21.694],[87.31,21.658],[87.322,21.645],[87.331,21.623],[87.318,21.602],[87.324,21.582],[87.34,21.576],[87.352,21.564]]]}},{"type":"Feature","properties":{"name":"Betwa","r":9.0},"geometry":{"type":"MultiLineString","coordinates":[[[77.346,23.24],[77.369,23.213],[77.416,23.193],[77.449,23.138],[77.48,23.12],[77.529,23.113],[77.579,23.116],[77.614,23.13],[77.635,23.171],[77.653,23.197],[77.658,23.216],[77.675,23.244],[77.687,23.295],[77.71,23.322],[77.71,23.367],[77.747,23.455],[77.778,23.494],[77.787,23.524],[77.853,23.618],[77.863,23.653],[77.839,23.686],[77.846,23.799],[77.881,23.851],[77.898,23.882],[77.963,23.939],[77.99,23.984],[77.992,23.99],[78.024,24.039],[78.018,24.063],[78.033,24.171],[78.044,24.215],[78.065,24.253],[78.084,24.276],[78.107,24.339],[78.143,24.364],[78.184,24.414],[78.219,24.425],[78.272,24.467],[78.263,24.481],[78.244,24.488],[78.227,24.518],[78.229,24.533],[78.265,24.584],[78.272,24.625],[78.261,24.639],[78.264,24.663],[78.261,24.693],[78.241,24.719],[78.227,24.753],[78.225,24.794],[78.193,24.844],[78.174,24.855],[78.169,24.878],[78.226,24.926],[78.313,24.988],[78.337,25.023],[78.33,25.066],[78.349,25.1],[78.406,25.129],[78.46,25.142],[78.525,25.179],[78.551,25.206],[78.566,25.238],[78.65,25.335],[78.652,25.365],[78.659,25.391],[78.717,25.446],[78.724,25.484],[78.734,25.502],[78.755,25.508],[78.782,25.524],[78.823,25.529],[78.85,25.535],[78.863,25.541],[78.907,25.576],[78.902,25.601],[78.925,25.617],[78.983,25.67],[79.03,25.718],[79.041,25.727],[79.047,25.743],[79.047,25.762],[79.061,25.794],[79.08,25.817],[79.136,25.812],[79.171,25.808],[79.221,25.797],[79.242,25.806],[79.251,25.797],[79.275,25.812],[79.299,25.811],[79.302,25.776],[79.341,25.786],[79.355,25.795],[79.375,25.79],[79.409,25.811],[79.442,25.793],[79.464,25.844],[79.506,25.851],[79.55,25.831],[79.566,25.866],[79.523,25.869],[79.52,25.886],[79.557,25.893],[79.597,25.9],[79.601,25.916],[79.604,25.931],[79.627,25.928],[79.647,25.91],[79.665,25.921],[79.685,25.928],[79.711,25.914],[79.738,25.913],[79.757,25.886],[79.79,25.872],[79.8,25.887],[79.805,25.914],[79.834,25.893],[79.863,25.893],[79.894,25.89],[79.906,25.879],[79.927,25.883],[79.957,25.91],[79.983,25.895],[79.993,25.885],[80.01,25.887],[80.026,25.899],[80.038,25.901],[80.05,25.899],[80.086,25.937],[80.118,25.949],[80.174,25.925],[80.21,25.92]]]}},{"type":"Feature","properties":{"name":"Parbati","r":9.0},"geometry":{"type":"MultiLineString","coordinates":[[[76.656,22.915],[76.685,22.996],[76.762,23.076],[76.791,23.091],[76.815,23.111],[76.887,23.195],[76.923,23.231],[76.978,23.276],[76.981,23.324],[76.992,23.403],[77.017,23.439],[77.129,23.545],[77.14,23.591],[77.136,23.621],[77.214,23.814],[77.2,23.843],[77.184,23.874],[77.186,23.9],[77.17,23.991],[77.168,24.137],[77.107,24.281],[77.086,24.468],[77.062,24.508],[77.061,24.578],[77.046,24.65],[77.027,24.686],[76.967,24.738],[76.946,24.744],[76.931,24.741],[76.878,24.744],[76.795,24.817],[76.674,24.923],[76.61,25.082],[76.603,25.163],[76.611,25.216],[76.595,25.249],[76.568,25.263],[76.562,25.291],[76.566,25.318],[76.566,25.37],[76.581,25.4],[76.585,25.433],[76.559,25.453],[76.547,25.471],[76.521,25.55],[76.488,25.698],[76.478,25.72],[76.487,25.737],[76.513,25.745],[76.517,25.785],[76.523,25.812]]]}},{"type":"Feature","properties":{"name":"Indravati","r":9.0},"geometry":{"type":"MultiLineString","coordinates":[[[80.267,18.714],[80.261,18.745],[80.266,18.768],[80.339,18.813],[80.344,18.851],[80.271,18.947],[80.29,19.019],[80.366,19.117],[80.373,19.151],[80.405,19.25],[80.437,19.265],[80.457,19.285],[80.481,19.329],[80.508,19.341],[80.526,19.355],[80.553,19.387],[80.587,19.382],[80.617,19.319],[80.653,19.322],[80.69,19.311],[80.751,19.207],[80.755,19.176],[80.788,19.152],[80.828,19.138],[80.883,19.104],[80.923,19.114],[81.014,19.119],[81.109,19.04],[81.147,19.021],[81.201,19.035],[81.253,19.103],[81.316,19.098],[81.343,19.119],[81.347,19.151],[81.375,19.183],[81.393,19.194],[81.437,19.2],[81.473,19.217],[81.526,19.218],[81.556,19.229],[81.591,19.249],[81.623,19.196],[81.651,19.183],[81.682,19.199],[81.711,19.206],[81.754,19.198],[81.789,19.199],[81.823,19.168],[81.852,19.159],[81.87,19.201],[81.894,19.191],[81.891,19.162],[81.9,19.142],[81.933,19.119],[81.975,19.129],[82.013,19.123],[82.048,19.104],[82.091,19.122],[82.113,19.126],[82.115,19.136],[82.131,19.139],[82.216,19.127],[82.365,19.182],[82.546,19.206],[82.585,19.201],[82.618,19.175],[82.626,19.164],[82.639,19.163],[82.644,19.172],[82.678,19.191],[82.759,19.238],[82.81,19.252],[82.889,19.393],[82.945,19.457]]]}},{"type":"Feature","properties":{"name":null,"r":9.0},"geometry":{"type":"MultiLineString","coordinates":[[[93.804,26.744],[93.806,26.757],[93.798,26.793],[93.83,26.863],[93.908,26.909],[93.931,26.932],[93.958,26.937],[93.991,26.956],[94.06,26.981],[94.093,26.978],[94.129,26.987],[94.171,27.016],[94.176,27.05],[94.152,27.085],[94.192,27.106],[94.223,27.136],[94.236,27.154],[94.253,27.166],[94.264,27.19],[94.266,27.227],[94.275,27.24],[94.311,27.247],[94.313,27.272],[94.306,27.29],[94.31,27.316],[94.305,27.33],[94.286,27.345],[94.271,27.362],[94.24,27.396],[94.245,27.409],[94.282,27.402],[94.293,27.414],[94.296,27.437],[94.292,27.462],[94.241,27.575],[94.217,27.597],[94.219,27.627],[94.331,27.715],[94.336,27.734],[94.312,27.75],[94.312,27.779],[94.335,27.815],[94.336,27.863],[94.28,27.993],[94.255,28.01],[94.238,28.008],[94.185,28.063],[94.144,28.104],[94.136,28.142],[94.142,28.201],[94.121,28.244],[94.057,28.307],[94.032,28.368],[94.009,28.383],[93.93,28.38],[93.896,28.397],[93.87,28.418],[93.734,28.42],[93.574,28.38],[93.436,28.393],[93.347,28.442],[93.178,28.448],[93.174,28.439],[93.175,28.431],[93.139,28.429],[93.006,28.36],[92.921,28.326],[92.801,28.297],[92.759,28.302],[92.742,28.336],[92.747,28.394],[92.706,28.416],[92.652,28.406],[92.633,28.415],[92.589,28.444],[92.53,28.432],[92.468,28.428],[92.392,28.43],[92.291,28.448],[92.234,28.441],[92.196,28.462],[92.146,28.508],[92.028,28.544],[91.976,28.542]]]}},{"type":"Feature","properties":{"name":"Ravi","r":9.0},"geometry":{"type":"MultiLineString","coordinates":[[[76.825,32.327],[76.747,32.3],[76.717,32.311],[76.696,32.311],[76.687,32.298],[76.643,32.287],[76.565,32.32],[76.518,32.362],[76.482,32.386],[76.476,32.414],[76.458,32.447],[76.416,32.457],[76.353,32.444],[76.304,32.473],[76.217,32.468],[76.181,32.479],[76.121,32.546],[76.101,32.6],[76.064,32.621],[75.98,32.611],[75.944,32.616],[75.913,32.611],[75.866,32.561],[75.855,32.526],[75.829,32.498],[75.798,32.481],[75.737,32.456],[75.729,32.43],[75.706,32.413],[75.683,32.4],[75.573,32.375],[75.464,32.253],[75.419,32.226],[75.403,32.212],[75.329,32.179],[75.31,32.154],[75.263,32.151],[75.226,32.142],[75.173,32.11],[75.161,32.088],[75.129,32.09],[75.11,32.078],[75.041,32.098],[75.03,32.067],[74.995,32.068],[74.978,32.054],[74.967,32.038],[74.931,32.03],[74.889,32.029],[74.828,32.026],[74.802,31.969],[74.763,31.939],[74.67,31.904],[74.641,31.891],[74.55,31.827],[74.537,31.789],[74.535,31.771],[74.523,31.759],[74.518,31.742],[74.513,31.735],[74.503,31.731],[74.479,31.7],[74.441,31.704],[74.405,31.681],[74.363,31.669],[74.325,31.628],[74.293,31.597],[74.287,31.578],[74.222,31.544],[74.205,31.526],[74.203,31.509]],[[74.208,31.498],[74.155,31.462],[74.166,31.443],[74.132,31.441],[74.106,31.425],[74.091,31.388],[74.055,31.405],[73.997,31.321],[73.968,31.299],[73.939,31.322],[73.931,31.304],[73.914,31.297],[73.894,31.28],[73.872,31.23],[73.823,31.247],[73.79,31.259],[73.756,31.224],[73.709,31.188],[73.655,31.185],[73.66,31.155],[73.629,31.159],[73.605,31.142],[73.58,31.142],[73.567,31.121],[73.54,31.132],[73.526,31.146],[73.503,31.123],[73.459,31.111],[73.406,31.121],[73.415,31.106],[73.405,31.097],[73.385,31.09],[73.382,31.071],[73.35,31.055],[73.359,31.034],[73.354,31.015],[73.341,31.005],[73.333,31.01],[73.314,30.999],[73.258,30.988],[73.24,30.973],[73.236,30.947],[73.226,30.935],[73.201,30.936],[73.183,30.925],[73.163,30.926],[73.159,30.911],[73.143,30.909],[73.132,30.902],[73.15,30.877],[73.15,30.856],[73.126,30.868],[73.096,30.849],[73.072,30.82],[73.052,30.82],[73.04,30.827],[73.017,30.811],[72.988,30.799],[72.997,30.778],[72.975,30.764],[72.93,30.773],[72.889,30.747],[72.868,30.723],[72.849,30.727],[72.837,30.706],[72.826,30.706],[72.775,30.717],[72.767,30.717],[72.762,30.713],[72.762,30.696],[72.751,30.69],[72.734,30.689],[72.744,30.675],[72.741,30.647],[72.725,30.622],[72.709,30.618],[72.696,30.611],[72.7,30.6],[72.679,30.594],[72.659,30.6],[72.643,30.59],[72.585,30.595],[72.567,30.611],[72.541,30.626],[72.512,30.624],[72.467,30.609],[72.446,30.607],[72.46,30.6],[72.45,30.595],[72.437,30.605],[72.424,30.608],[72.388,30.603],[72.347,30.587],[72.322,30.592],[72.304,30.591],[72.279,30.579],[72.214,30.587],[72.174,30.578],[72.12,30.597],[72.07,30.607],[71.984,30.616],[71.941,30.647],[71.93,30.655],[71.918,30.652],[71.877,30.628],[71.823,30.621],[71.818,30.6],[71.775,30.614]]]}},{"type":"Feature","properties":{"name":null,"r":9.0},"geometry":{"type":"MultiLineString","coordinates":[[[92.198,22.504],[92.162,22.513],[92.146,22.508],[92.147,22.493],[92.14,22.47],[92.107,22.448],[92.071,22.448],[92.042,22.46],[92.029,22.425],[91.975,22.419],[91.929,22.432],[91.922,22.425],[91.908,22.425]]]}},{"type":"Feature","properties":{"name":null,"r":9.0},"geometry":{"type":"MultiLineString","coordinates":[[[84.014,30.518],[83.954,30.6],[83.864,30.651],[83.736,30.611],[83.701,30.519],[83.691,30.489],[83.672,30.477],[83.631,30.44],[83.569,30.42],[83.507,30.375],[83.49,30.352],[83.463,30.326],[83.382,30.31],[83.343,30.293],[83.331,30.255],[83.296,30.203],[83.291,30.174],[83.304,30.152],[83.329,30.124],[83.391,30.059],[83.422,30.05],[83.436,30.038],[83.447,30.016],[83.466,30.011],[83.478,30.003],[83.483,29.981],[83.503,29.974],[83.52,29.964],[83.533,29.947]]]}},{"type":"Feature","properties":{"name":"Balak","r":9.0},"geometry":{"type":"MultiLineString","coordinates":[[[91.165,24.355],[91.16,24.332],[91.165,24.3],[91.156,24.27],[91.119,24.253],[91.081,24.253],[91.073,24.229],[91.059,24.217],[91.012,24.175],[90.998,24.154],[91.014,24.132],[91.036,24.106],[91.042,24.083],[91.033,24.063],[91.0,24.034],[90.985,24.014]]]}},{"type":"Feature","properties":{"name":"Balak","r":9.0},"geometry":{"type":"MultiLineString","coordinates":[[[94.259,25.461],[94.223,25.454],[94.204,25.433],[94.163,25.413],[94.149,25.396],[94.12,25.388],[94.103,25.362],[94.064,25.304],[94.058,25.323],[94.072,25.375],[94.053,25.409],[94.004,25.424],[93.95,25.444],[93.889,25.482],[93.809,25.446],[93.699,25.347],[93.68,25.324],[93.649,25.262],[93.601,25.189],[93.547,25.166],[93.496,25.128],[93.477,25.066],[93.45,25.015],[93.41,24.944],[93.403,24.917],[93.412,24.847],[93.399,24.82],[93.373,24.814],[93.367,24.784],[93.355,24.757],[93.334,24.738],[93.331,24.707],[93.313,24.693],[93.311,24.698],[93.302,24.687],[93.282,24.668],[93.248,24.672],[93.232,24.697],[93.219,24.696],[93.221,24.659],[93.222,24.643],[93.221,24.629],[93.218,24.59],[93.204,24.561],[93.178,24.524],[93.151,24.428],[93.146,24.404],[93.037,24.259],[93.019,24.235],[93.014,24.274],[93.026,24.3],[93.046,24.327],[93.023,24.354],[93.022,24.39],[93.012,24.413],[93.046,24.445],[93.064,24.559],[93.091,24.57],[93.096,24.594],[93.099,24.654],[93.097,24.68],[93.088,24.69],[93.084,24.718],[93.067,24.723],[93.036,24.78],[92.988,24.79],[92.967,24.796],[92.929,24.792],[92.888,24.734],[92.896,24.742],[92.903,24.746],[92.897,24.753],[92.866,24.76],[92.854,24.749],[92.843,24.76],[92.84,24.775],[92.828,24.782],[92.821,24.793],[92.86,24.815],[92.858,24.831],[92.821,24.834],[92.801,24.842],[92.779,24.864],[92.747,24.886],[92.711,24.878],[92.72,24.87],[92.731,24.864],[92.713,24.864],[92.692,24.853],[92.687,24.837],[92.659,24.831],[92.644,24.837],[92.649,24.844],[92.649,24.852],[92.645,24.858],[92.629,24.858],[92.617,24.867],[92.601,24.876],[92.584,24.878],[92.519,24.87],[92.477,24.864],[92.494,24.895],[92.483,24.928],[92.449,24.947],[92.454,24.958],[92.412,24.984],[92.394,24.993],[92.363,25.011],[92.308,25.027],[92.25,24.971],[92.22,24.949],[92.194,24.946],[92.168,24.927],[92.113,24.894],[92.096,24.893],[92.081,24.902],[92.039,24.885],[92.021,24.867],[91.972,24.863],[91.954,24.864],[91.908,24.87],[91.863,24.882],[91.79,24.905],[91.767,24.892],[91.753,24.9],[91.728,24.918],[91.706,24.926],[91.703,24.971],[91.689,24.987],[91.675,24.994],[91.691,25.003],[91.676,25.022],[91.689,25.029],[91.641,25.018],[91.593,25.029],[91.575,25.026],[91.566,25.05],[91.548,25.055],[91.525,25.066],[91.514,25.083],[91.494,25.073],[91.47,25.072],[91.451,25.095],[91.427,25.09],[91.4,25.069],[91.371,25.024],[91.371,25.01],[91.394,24.988],[91.395,24.961],[91.381,24.96],[91.354,24.917],[91.353,24.872],[91.379,24.836],[91.372,24.824],[91.359,24.796],[91.389,24.767],[91.347,24.67],[91.308,24.634],[91.291,24.601],[91.27,24.594],[91.252,24.582],[91.237,24.569],[91.196,24.499],[91.182,24.502],[91.161,24.48],[91.189,24.461],[91.18,24.45],[91.202,24.44],[91.192,24.41],[91.169,24.392],[91.159,24.368],[91.171,24.364],[91.169,24.358]],[[90.976,24.008],[90.953,23.984],[90.912,23.969],[90.859,23.964],[90.847,23.956],[90.843,23.943],[90.856,23.891],[90.85,23.88],[90.836,23.874],[90.823,23.871],[90.785,23.871],[90.772,23.865],[90.76,23.853],[90.755,23.838],[90.761,23.809],[90.739,23.753],[90.721,23.722],[90.739,23.706],[90.749,23.695],[90.751,23.681],[90.73,23.657],[90.7,23.649],[90.675,23.654],[90.663,23.663],[90.649,23.668],[90.641,23.648],[90.647,23.606],[90.641,23.6]],[[90.734,23.659],[90.77,23.623],[90.752,23.616],[90.736,23.602],[90.733,23.58],[90.702,23.555]]]}},{"type":"Feature","properties":{"name":"Gandak","r":9.0},"geometry":{"type":"MultiLineString","coordinates":[[[83.963,29.2],[83.955,29.109],[83.913,29.015],[83.882,28.983],[83.836,28.964],[83.826,28.955],[83.822,28.932],[83.788,28.887],[83.773,28.825],[83.75,28.796],[83.706,28.764],[83.615,28.687],[83.589,28.654],[83.63,28.613],[83.635,28.579],[83.63,28.551],[83.649,28.504],[83.606,28.447],[83.595,28.409],[83.576,28.381],[83.569,28.348],[83.596,28.305],[83.643,28.23],[83.662,28.202],[83.631,28.161],[83.625,28.139],[83.618,28.126],[83.562,28.071],[83.549,28.061],[83.547,28.045],[83.559,28.032],[83.575,28.03],[83.575,27.982],[83.507,27.961],[83.46,27.969],[83.439,27.948],[83.465,27.931],[83.49,27.931],[83.531,27.928],[83.576,27.926],[83.601,27.92],[83.644,27.91],[83.742,27.92],[83.783,27.909],[83.825,27.876],[83.858,27.885],[83.883,27.885],[83.924,27.878],[83.992,27.906],[84.037,27.901],[84.092,27.863],[84.225,27.853],[84.286,27.837],[84.292,27.814],[84.3,27.789],[84.316,27.773],[84.321,27.759],[84.336,27.756],[84.36,27.773],[84.391,27.784],[84.413,27.758],[84.426,27.729],[84.412,27.703],[84.356,27.697],[84.306,27.669],[84.262,27.661],[84.239,27.664],[84.208,27.635],[84.179,27.633],[84.115,27.549],[84.069,27.558],[84.026,27.544],[83.947,27.552],[83.931,27.544],[83.925,27.527],[83.956,27.524],[83.948,27.506],[83.941,27.484],[83.938,27.462],[83.9,27.444],[83.834,27.434],[83.871,27.39],[83.877,27.37],[83.867,27.359],[83.854,27.345],[83.841,27.303],[83.865,27.279],[83.881,27.262],[83.938,27.235],[83.95,27.215],[84.02,27.174],[84.049,27.103],[84.108,27.093],[84.171,27.02],[84.197,26.94],[84.216,26.914],[84.282,26.879],[84.298,26.835],[84.339,26.797],[84.359,26.761],[84.382,26.681],[84.415,26.664],[84.426,26.605],[84.519,26.598],[84.528,26.544],[84.553,26.506],[84.591,26.48],[84.609,26.47],[84.632,26.47],[84.665,26.475],[84.723,26.403],[84.808,26.29],[84.847,26.263],[84.863,26.258],[84.876,26.247],[84.904,26.188],[84.916,26.136],[84.974,26.084],[84.952,26.056],[84.963,26.019],[85.029,25.995],[85.066,25.954],[85.102,25.916],[85.124,25.872],[85.159,25.841],[85.179,25.807],[85.192,25.695],[85.183,25.638]]]}},{"type":"Feature","properties":{"name":null,"r":9.0},"geometry":{"type":"MultiLineString","coordinates":[[[92.813,12.9],[92.839,12.896],[92.854,12.9],[92.866,12.89],[92.882,12.89]]]}},{"type":"Feature","properties":{"name":null,"r":9.0},"geometry":{"type":"MultiLineString","coordinates":[[[92.779,12.31],[92.795,12.324],[92.821,12.321],[92.85,12.313],[92.875,12.31]]]}},{"type":"Feature","properties":{"name":null,"r":9.0},"geometry":{"type":"MultiLineString","coordinates":[[[92.765,12.18],[92.766,12.169],[92.772,12.159],[92.756,12.12],[92.757,12.077]]]}},{"type":"Feature","properties":{"name":"Tuotuo","r":1.0},"geometry":{"type":"MultiLineString","coordinates":[[[90.795,34.3],[90.923,34.327],[91.091,34.338],[91.152,34.321],[91.26,34.317],[91.322,34.291],[91.392,34.293],[91.425,34.291],[91.456,34.281],[91.501,34.287],[91.75,34.259],[91.812,34.268],[91.824,34.228],[91.874,34.198],[91.978,34.137],[92.031,34.14],[92.058,34.179],[92.099,34.197],[92.132,34.227],[92.167,34.245],[92.216,34.25],[92.326,34.239],[92.561,34.213],[92.604,34.201],[92.64,34.163],[92.649,34.129],[92.723,34.087],[92.839,34.083],[92.993,34.1]]]}},{"type":"Feature","properties":{"name":"Nmai","r":4.0},"geometry":{"type":"MultiLineString","coordinates":[[[97.983,28.425],[98.02,28.422],[98.054,28.397],[98.077,28.321],[98.101,28.305],[98.161,28.259],[98.192,28.25],[98.209,28.229],[98.23,28.216],[98.245,28.193],[98.263,28.176],[98.285,28.172],[98.297,28.164],[98.322,28.11],[98.33,28.083],[98.319,28.068],[98.313,28.047],[98.323,28.024],[98.329,27.961],[98.344,27.929],[98.327,27.824],[98.345,27.779],[98.345,27.756],[98.333,27.737],[98.316,27.708],[98.296,27.695],[98.266,27.697],[98.237,27.667],[98.151,27.66],[98.131,27.704],[98.1,27.736],[98.037,27.73],[98.02,27.697],[98.062,27.572],[98.087,27.529],[98.095,27.462],[98.11,27.427],[98.206,27.277],[98.228,27.21],[98.302,27.147],[98.35,27.06],[98.364,26.989],[98.36,26.888],[98.378,26.825],[98.37,26.758],[98.333,26.705],[98.337,26.603],[98.314,26.57],[98.294,26.528],[98.281,26.443],[98.281,26.413],[98.294,26.381],[98.292,26.361],[98.275,26.334],[98.117,25.893],[98.076,25.843],[98.01,25.768],[97.871,25.659],[97.855,25.637],[97.802,25.591],[97.781,25.613],[97.751,25.623],[97.734,25.636],[97.718,25.677],[97.692,25.708],[97.616,25.708],[97.537,25.718],[97.486,25.701]]]}},{"type":"Feature","properties":{"name":"Nu","r":4.0},"geometry":{"type":"MultiLineString","coordinates":[[[91.518,31.943],[91.537,31.891],[91.54,31.85],[91.545,31.832],[91.545,31.806],[91.555,31.772],[91.583,31.759],[91.629,31.729],[91.67,31.707],[91.689,31.682],[91.722,31.675],[91.744,31.656],[91.742,31.639],[91.736,31.628],[91.731,31.597],[91.785,31.556],[91.801,31.527],[91.806,31.491],[91.791,31.487],[91.785,31.471],[91.795,31.448],[91.813,31.414],[91.853,31.399],[91.889,31.412],[91.919,31.438],[91.976,31.439],[92.02,31.425],[92.033,31.416],[92.039,31.401],[92.035,31.377],[92.059,31.313],[92.126,31.293],[92.21,31.289],[92.241,31.295],[92.285,31.322],[92.321,31.365],[92.331,31.393],[92.332,31.413],[92.323,31.435],[92.322,31.454],[92.337,31.47],[92.357,31.467],[92.381,31.451],[92.391,31.458],[92.397,31.467],[92.413,31.468],[92.438,31.464],[92.46,31.474],[92.516,31.491],[92.532,31.502],[92.564,31.502],[92.602,31.516],[92.652,31.515],[92.675,31.519],[92.703,31.533],[92.724,31.544],[92.765,31.553],[92.83,31.552],[92.844,31.564],[92.871,31.559],[92.879,31.566],[92.885,31.573],[92.93,31.569],[92.934,31.553],[92.949,31.54],[92.977,31.549],[93.003,31.566],[93.027,31.556],[93.046,31.54],[93.052,31.529],[93.061,31.521],[93.092,31.536],[93.129,31.546],[93.188,31.539],[93.428,31.55],[93.456,31.551],[93.517,31.53],[93.564,31.525],[93.611,31.509],[93.75,31.494],[93.788,31.49],[93.917,31.511],[93.934,31.516],[93.956,31.532],[93.973,31.538],[93.995,31.526],[94.033,31.525],[94.048,31.519],[94.07,31.503],[94.098,31.501],[94.131,31.488],[94.155,31.488],[94.168,31.485],[94.183,31.48],[94.216,31.486],[94.257,31.51],[94.286,31.488],[94.319,31.478],[94.47,31.484],[94.504,31.481],[94.562,31.462],[94.594,31.443],[94.595,31.419],[94.573,31.382],[94.569,31.321],[94.565,31.309],[94.523,31.281],[94.505,31.258],[94.54,31.245],[94.608,31.229],[94.622,31.195],[94.634,31.161],[94.635,31.135],[94.645,31.123],[94.681,31.101],[94.699,31.093],[94.723,31.089],[94.733,31.076],[94.754,31.07],[94.882,31.127],[94.895,31.128],[94.906,31.132],[94.911,31.152],[94.922,31.167],[94.958,31.183],[95.008,31.183],[95.045,31.173],[95.07,31.172],[95.112,31.189],[95.225,31.19],[95.432,31.129],[95.458,31.104],[95.497,31.038],[95.528,30.981],[95.589,30.945],[95.615,30.938],[95.646,30.944],[95.674,30.958],[95.712,30.966],[95.771,30.953],[95.789,30.957],[95.799,30.964],[95.805,30.975],[95.809,30.989],[95.823,31.001],[95.851,31.007],[95.871,31.005],[95.881,30.998],[95.884,30.985],[95.89,30.98],[95.905,30.986],[95.916,30.983],[95.924,30.973],[95.969,30.966],[95.997,30.953],[96.055,30.945],[96.103,30.921],[96.164,30.914],[96.272,30.886],[96.28,30.877],[96.284,30.864],[96.299,30.861],[96.317,30.864],[96.336,30.861],[96.345,30.852],[96.355,30.834],[96.368,30.816],[96.424,30.628],[96.438,30.583],[96.486,30.517],[96.531,30.46],[96.556,30.433]]]}},{"type":"Feature","properties":{"name":"Ayeyarwady","r":4.0},"geometry":{"type":"MultiLineString","coordinates":[[[97.486,25.701],[97.516,25.694],[97.534,25.676],[97.514,25.644],[97.501,25.605],[97.486,25.522],[97.409,25.398],[97.407,25.368],[97.424,25.341],[97.404,25.324],[97.379,25.333],[97.347,25.367],[97.325,25.365],[97.308,25.348],[97.314,25.333],[97.314,25.319],[97.306,25.319],[97.292,25.311],[97.274,25.301],[97.267,25.278],[97.275,25.245],[97.263,25.207],[97.233,25.186],[97.232,25.146],[97.264,25.119],[97.319,25.127],[97.298,25.081],[97.26,25.098],[97.226,25.09],[97.214,25.086],[97.215,25.061],[97.233,25.036],[97.189,24.969],[97.101,24.916],[97.103,24.868],[97.048,24.84],[97.035,24.803],[97.061,24.716],[97.111,24.631],[97.118,24.545],[97.107,24.514],[97.123,24.488],[97.137,24.337],[97.188,24.281],[97.203,24.246],[97.185,24.207],[97.164,24.181],[97.113,24.161],[97.062,24.138],[97.031,24.143],[96.976,24.145],[96.942,24.132],[96.911,24.138],[96.837,24.199],[96.808,24.229],[96.791,24.277],[96.751,24.3],[96.653,24.347],[96.634,24.357],[96.611,24.359],[96.592,24.352],[96.587,24.34],[96.568,24.314],[96.532,24.297],[96.491,24.299],[96.455,24.309],[96.446,24.275],[96.383,24.221],[96.303,24.114],[96.29,24.075],[96.29,23.97],[96.274,23.94],[96.25,23.858],[96.238,23.834],[96.221,23.824],[96.205,23.768],[96.191,23.754],[96.167,23.753],[96.15,23.737],[96.14,23.691],[96.11,23.652],[96.035,23.585],[96.012,23.514],[95.978,23.262],[95.962,22.759],[95.943,22.744],[95.91,22.739],[95.917,22.662],[95.99,22.529],[95.969,22.492],[95.964,22.393],[95.99,22.353],[96.014,22.323],[96.001,22.303],[95.99,22.292],[95.985,22.271],[96.0,22.158],[96.025,22.058],[96.051,21.956],[96.021,21.897],[95.973,21.867],[95.937,21.857],[95.901,21.863],[95.815,21.926],[95.527,21.922],[95.506,21.908],[95.472,21.857],[95.462,21.811],[95.432,21.756],[95.387,21.733],[95.355,21.637],[95.349,21.621],[95.337,21.596],[95.324,21.537],[95.321,21.466],[95.306,21.45],[95.287,21.452],[95.275,21.445],[95.269,21.438],[95.191,21.37],[95.142,21.314],[95.077,21.301],[95.056,21.312],[95.022,21.311],[94.99,21.275],[94.975,21.244],[94.863,21.226],[94.856,21.228],[94.843,21.222],[94.819,21.204],[94.803,21.164],[94.801,21.1],[94.82,20.972],[94.776,20.891],[94.718,20.836],[94.719,20.796],[94.732,20.763],[94.745,20.706],[94.767,20.673],[94.795,20.643],[94.803,20.606],[94.82,20.547],[94.82,20.506],[94.838,20.492],[94.859,20.482],[94.889,20.396],[94.909,20.344],[94.896,20.31],[94.899,20.236],[94.91,20.205],[94.899,20.19],[94.898,20.177],[94.903,20.17],[94.907,20.147],[94.926,20.104],[94.967,20.066],[95.003,20.054],[95.017,20.039],[95.016,20.016],[95.014,19.996],[95.033,19.981],[95.054,19.968],[95.049,19.924],[95.062,19.91],[95.113,19.891],[95.16,19.823],[95.139,19.751],[95.138,19.727],[95.156,19.701],[95.164,19.501],[95.194,19.397],[95.196,19.351],[95.175,19.153],[95.155,19.116],[95.127,19.096],[95.115,18.992],[95.134,18.931],[95.193,18.866],[95.213,18.805],[95.186,18.738],[95.153,18.711],[95.117,18.697],[95.102,18.698],[95.095,18.679],[95.076,18.645],[95.066,18.58],[95.067,18.544],[95.163,18.464],[95.192,18.43],[95.204,18.386],[95.224,18.349],[95.259,18.334],[95.312,18.3],[95.361,18.247],[95.383,18.231],[95.395,18.195],[95.404,18.177],[95.407,18.145],[95.45,18.033],[95.445,17.957],[95.429,17.939],[95.424,17.921],[95.44,17.867],[95.459,17.84],[95.451,17.813],[95.458,17.726],[95.493,17.655],[95.517,17.634],[95.551,17.621],[95.561,17.597],[95.54,17.544],[95.548,17.5],[95.57,17.484],[95.623,17.443],[95.665,17.441],[95.677,17.419],[95.623,17.381],[95.6,17.346],[95.589,17.303],[95.591,17.251],[95.646,17.11],[95.596,17.036],[95.561,17.015],[95.567,16.964],[95.612,16.88],[95.593,16.849],[95.557,16.85],[95.521,16.838],[95.475,16.806],[95.433,16.798],[95.389,16.772],[95.335,16.758],[95.333,16.72],[95.349,16.675],[95.323,16.648],[95.318,16.61],[95.282,16.596],[95.252,16.573],[95.265,16.545],[95.259,16.529],[95.221,16.504],[95.188,16.486],[95.163,16.449],[95.061,16.367],[95.034,16.281],[94.992,16.251]]]}},{"type":"Feature","properties":{"name":"Tongtian","r":1.0},"geometry":{"type":"MultiLineString","coordinates":[[[92.993,34.1],[93.019,34.124],[93.034,34.163],[93.07,34.179],[93.128,34.226],[93.348,34.232],[93.382,34.22],[93.414,34.221],[93.477,34.232],[93.543,34.221],[93.7,34.218],[93.792,34.252],[93.812,34.29],[93.811,34.317],[93.85,34.327],[93.875,34.369],[93.9,34.404],[93.917,34.454],[93.973,34.471],[94.058,34.553],[94.082,34.567],[94.152,34.585],[94.205,34.587],[94.265,34.584],[94.296,34.621],[94.308,34.641],[94.337,34.651],[94.351,34.671],[94.375,34.677],[94.434,34.685],[94.476,34.695],[94.506,34.715],[94.558,34.764],[94.639,34.75],[94.883,34.701],[94.944,34.664],[94.978,34.65],[94.989,34.609],[95.007,34.586],[95.038,34.581],[95.054,34.575],[95.061,34.543],[95.08,34.53],[95.112,34.531],[95.17,34.486],[95.188,34.494],[95.211,34.5],[95.229,34.47],[95.247,34.466],[95.276,34.472],[95.304,34.459],[95.316,34.463],[95.318,34.48],[95.338,34.486],[95.348,34.473],[95.358,34.46],[95.445,34.38],[95.493,34.349],[95.578,34.311],[95.575,34.276],[95.583,34.254],[95.568,34.239],[95.585,34.226],[95.618,34.234],[95.637,34.222],[95.667,34.214],[95.688,34.182],[95.695,34.143],[95.789,34.063],[95.826,34.052],[95.865,33.972],[95.89,33.949],[95.896,33.937],[95.902,33.913],[95.917,33.91],[95.951,33.882],[95.993,33.869],[96.008,33.834],[96.048,33.817],[96.102,33.806],[96.096,33.78],[96.147,33.763],[96.167,33.771],[96.182,33.768],[96.189,33.782],[96.209,33.786],[96.214,33.78],[96.22,33.773],[96.23,33.761],[96.198,33.746],[96.227,33.739],[96.235,33.718],[96.249,33.728],[96.294,33.739],[96.31,33.733],[96.328,33.739],[96.359,33.766],[96.392,33.749],[96.406,33.739],[96.404,33.684],[96.456,33.68],[96.488,33.636],[96.472,33.623],[96.578,33.611],[96.624,33.547],[96.652,33.554],[96.701,33.547],[96.707,33.519],[96.689,33.506],[96.705,33.472],[96.707,33.461],[96.723,33.439],[96.716,33.432],[96.705,33.423],[96.722,33.413],[96.733,33.397],[96.737,33.409],[96.753,33.41],[96.765,33.397],[96.774,33.374],[96.785,33.364],[96.801,33.39],[96.803,33.367],[96.833,33.321],[96.849,33.335],[96.859,33.322],[96.873,33.331],[96.918,33.327],[96.951,33.343],[96.979,33.341],[96.977,33.336],[96.979,33.327],[96.991,33.338],[97.004,33.335],[97.02,33.32],[97.017,33.273],[97.022,33.245],[97.024,33.214],[97.084,33.157],[97.12,33.142],[97.175,33.067],[97.185,33.047],[97.22,33.03],[97.241,33.004],[97.254,32.944],[97.288,32.922],[97.332,32.916],[97.361,32.897],[97.377,32.862],[97.391,32.762],[97.427,32.717],[97.43,32.7],[97.448,32.694],[97.559,32.63],[97.574,32.621],[97.603,32.621],[97.617,32.593],[97.664,32.56],[97.838,32.512],[97.887,32.498],[98.067,32.423],[98.08,32.405],[98.113,32.402],[98.129,32.395],[98.144,32.382],[98.206,32.356],[98.212,32.296],[98.22,32.252],[98.309,32.129],[98.384,32.063],[98.437,32.004],[98.456,31.96],[98.445,31.908],[98.423,31.882],[98.421,31.878],[98.435,31.825],[98.445,31.804],[98.501,31.75]]]}},{"type":"Feature","properties":{"name":"Nu","r":4.0},"geometry":{"type":"MultiLineString","coordinates":[[[96.596,30.448],[96.682,30.45],[96.704,30.423],[96.692,30.37],[96.71,30.31],[96.722,30.297],[96.747,30.297],[96.765,30.295],[96.78,30.286],[96.801,30.268],[96.85,30.243],[96.865,30.239],[96.918,30.242],[96.983,30.202],[97.003,30.195],[97.015,30.194],[97.04,30.197],[97.06,30.194],[97.079,30.183],[97.112,30.151],[97.169,30.113],[97.187,30.108],[97.214,30.107],[97.248,30.09],[97.267,30.066],[97.293,30.014],[97.307,30.003],[97.327,29.99],[97.344,29.956],[97.35,29.919],[97.378,29.885],[97.418,29.861],[97.428,29.795],[97.447,29.773],[97.438,29.702],[97.454,29.664],[97.483,29.641],[97.499,29.631],[97.5,29.61],[97.561,29.548],[97.581,29.486],[97.615,29.467],[97.704,29.451],[97.724,29.423],[97.848,29.372],[97.859,29.347],[97.876,29.335],[97.898,29.328],[97.897,29.302],[97.901,29.282],[97.914,29.267],[97.936,29.255],[97.943,29.219],[97.944,29.194],[98.004,29.104],[98.041,29.072],[98.047,29.038],[98.09,29.0],[98.096,28.938],[98.182,28.818],[98.257,28.79],[98.321,28.741],[98.359,28.678],[98.374,28.531],[98.383,28.517],[98.432,28.494],[98.443,28.457],[98.448,28.439],[98.453,28.407],[98.445,28.354],[98.452,28.324],[98.47,28.298],[98.467,28.282],[98.473,28.234],[98.476,28.153],[98.559,28.098],[98.572,28.082],[98.596,28.056],[98.646,28.011],[98.653,28.002],[98.658,27.969],[98.673,27.955],[98.681,27.95],[98.668,27.934],[98.68,27.904],[98.675,27.771],[98.677,27.762],[98.693,27.747],[98.722,27.7],[98.743,27.657],[98.81,27.591],[98.818,27.577],[98.828,27.569],[98.83,27.524],[98.82,27.476],[98.831,27.422],[98.846,27.371],[98.864,27.342],[98.864,27.304],[98.88,27.28],[98.886,27.261],[98.88,27.193],[98.898,26.455],[98.889,26.373],[98.868,26.348],[98.861,26.325],[98.871,26.303],[98.863,26.208],[98.857,26.177],[98.87,26.157],[98.869,26.14],[98.857,26.108],[98.857,26.091],[98.853,26.048],[98.879,25.666],[98.895,25.471],[98.887,25.416],[98.871,25.382],[98.877,25.324],[98.848,25.296],[98.851,25.254],[98.843,25.228],[98.855,25.209],[98.854,25.194],[98.843,25.175],[98.843,25.073],[98.872,25.008],[98.88,24.973],[98.889,24.902],[98.923,24.818],[98.947,24.786],[98.95,24.758],[98.963,24.741],[98.987,24.44],[98.979,24.415],[98.975,24.227],[98.947,24.195],[98.897,24.169],[98.855,24.139],[98.716,24.122],[98.64,24.101],[98.597,24.083],[98.544,24.059],[98.51,24.053],[98.432,24.0],[98.412,23.963],[98.425,23.878],[98.473,23.814],[98.575,23.745],[98.638,23.638],[98.649,23.597],[98.638,23.575],[98.621,23.557],[98.594,23.517],[98.593,23.49],[98.618,23.446],[98.618,23.419],[98.658,23.426],[98.733,23.302],[98.724,23.262],[98.689,23.255],[98.665,23.237],[98.641,23.228],[98.626,23.229],[98.61,23.24],[98.554,23.23],[98.526,23.223],[98.511,23.206],[98.479,23.212],[98.443,23.206],[98.459,23.184],[98.482,23.164],[98.504,23.158],[98.524,23.141],[98.559,23.093],[98.545,23.069],[98.511,23.056],[98.494,23.028],[98.505,22.99],[98.532,22.97],[98.566,22.964],[98.655,22.91],[98.665,22.876],[98.651,22.847],[98.611,22.831],[98.541,22.818],[98.522,22.782],[98.542,22.754],[98.548,22.73],[98.542,22.709],[98.559,22.686],[98.563,22.669],[98.556,22.655],[98.559,22.639],[98.573,22.638],[98.581,22.628],[98.591,22.606],[98.6,22.579],[98.616,22.555],[98.639,22.496],[98.642,22.46],[98.618,22.415],[98.601,22.347],[98.569,22.288],[98.631,22.158],[98.698,22.087],[98.744,22.068],[98.768,22.052],[98.771,22.035],[98.746,22.033],[98.733,22.014],[98.735,21.998],[98.72,21.972],[98.697,21.961],[98.629,21.926],[98.555,21.879],[98.551,21.838],[98.636,21.648],[98.649,21.581],[98.582,21.548],[98.578,21.493],[98.625,21.417],[98.661,21.399],[98.677,21.373],[98.684,21.291],[98.713,21.239],[98.706,21.2],[98.71,21.16],[98.783,21.102],[98.796,21.043],[98.741,20.992],[98.673,20.992],[98.607,20.96],[98.508,20.951]]]}},{"type":"Feature","properties":{"name":"Salween","r":4.0},"geometry":{"type":"MultiLineString","coordinates":[[[98.508,20.951],[98.492,20.877],[98.512,20.748],[98.65,20.485],[98.659,20.437],[98.645,20.401],[98.649,20.354],[98.674,20.317],[98.696,20.294],[98.696,20.225],[98.679,20.184],[98.623,20.157],[98.6,20.145],[98.535,20.129],[98.488,20.085],[98.4,20.08],[98.343,20.057],[98.234,19.999],[98.02,19.953],[97.978,19.954],[97.918,19.965],[97.858,19.924],[97.83,19.862],[97.801,19.851],[97.751,19.847],[97.744,19.8],[97.694,19.72],[97.663,19.705],[97.651,19.65],[97.635,19.596],[97.633,19.547],[97.585,19.42],[97.558,19.405],[97.526,19.374],[97.522,19.348],[97.534,19.321],[97.529,19.137],[97.504,19.104],[97.477,18.902],[97.46,18.852],[97.432,18.82],[97.366,18.856],[97.335,18.875],[97.335,18.711],[97.363,18.588],[97.357,18.54],[97.39,18.502],[97.417,18.441],[97.446,18.381],[97.452,18.334],[97.486,18.292],[97.528,18.266],[97.542,18.28],[97.562,18.331],[97.624,18.314],[97.643,18.292],[97.635,18.258],[97.618,18.242],[97.68,18.153],[97.685,18.14],[97.687,18.12],[97.698,18.091],[97.693,18.075],[97.694,18.062],[97.702,18.062],[97.72,18.053],[97.725,18.037],[97.744,17.998],[97.751,17.981],[97.75,17.964],[97.72,17.943],[97.685,17.881],[97.676,17.831],[97.686,17.795],[97.695,17.752],[97.721,17.592],[97.73,17.573],[97.744,17.553],[97.771,17.493],[97.773,17.472],[97.761,17.419],[97.75,17.398],[97.691,17.361],[97.672,17.238],[97.674,17.183],[97.652,17.165],[97.651,17.126],[97.61,17.035],[97.637,16.956],[97.635,16.913],[97.617,16.829],[97.629,16.802],[97.625,16.771],[97.603,16.706],[97.611,16.665],[97.656,16.6],[97.674,16.555]]]}},{"type":"Feature","properties":{"name":"Jinsha","r":1.0},"geometry":{"type":"MultiLineString","coordinates":[[[98.542,31.69],[98.553,31.681],[98.563,31.669],[98.569,31.632],[98.592,31.599],[98.864,31.368],[98.885,31.354],[98.831,31.298],[98.782,31.239],[98.761,31.234],[98.731,31.278],[98.714,31.291],[98.665,31.321],[98.638,31.309],[98.611,31.256],[98.604,31.17],[98.638,31.16],[98.693,31.125],[98.726,31.06],[98.765,31.015],[98.797,30.997],[98.805,30.966],[98.786,30.918],[98.787,30.881],[98.833,30.844],[98.898,30.779],[98.954,30.748],[98.953,30.708],[98.917,30.695],[98.905,30.664],[98.926,30.604],[98.932,30.579],[98.933,30.491],[98.947,30.479],[98.96,30.46],[98.988,29.689],[98.992,29.635]]]}},{"type":"Feature","properties":{"name":"God\u00e4vari","r":5.0},"geometry":{"type":"MultiLineString","coordinates":[[[73.652,20.013],[73.666,20.035],[73.686,20.043],[73.705,20.036],[73.781,20.02],[73.838,19.994],[73.903,19.999],[73.947,19.985],[73.975,19.988],[73.992,20.016],[74.021,20.037],[74.057,20.048],[74.073,20.031],[74.098,20.033],[74.147,20.014],[74.172,19.999],[74.202,19.989],[74.236,19.971],[74.263,19.972],[74.294,19.958],[74.389,19.931],[74.426,19.906],[74.442,19.882],[74.489,19.889],[74.513,19.885],[74.533,19.854],[74.553,19.838],[74.569,19.806],[74.601,19.789],[74.62,19.798],[74.673,19.78],[74.698,19.766],[74.759,19.761],[74.791,19.732],[74.829,19.672],[74.861,19.661],[74.89,19.65],[74.929,19.655],[74.952,19.657],[74.989,19.636],[75.035,19.617],[75.113,19.601],[75.161,19.596],[75.196,19.583],[75.206,19.557],[75.247,19.533],[75.335,19.506],[75.351,19.489],[75.37,19.468],[75.378,19.466],[75.387,19.472],[75.417,19.462],[75.432,19.441],[75.437,19.421],[75.458,19.42],[75.479,19.437],[75.497,19.427],[75.51,19.409],[75.682,19.362],[75.721,19.352],[75.749,19.366],[75.769,19.391],[75.802,19.392],[75.835,19.376],[75.864,19.385],[75.914,19.389],[75.907,19.348],[75.917,19.305],[75.966,19.307],[75.993,19.331],[76.01,19.342],[76.017,19.305],[76.031,19.299],[76.062,19.293],[76.082,19.303],[76.093,19.314],[76.163,19.298],[76.194,19.275],[76.226,19.26],[76.285,19.266],[76.322,19.256],[76.356,19.238],[76.357,19.222],[76.345,19.16],[76.322,19.136],[76.319,19.117],[76.353,19.115],[76.362,19.131],[76.38,19.128],[76.385,19.113],[76.404,19.102],[76.427,19.099],[76.434,19.064],[76.456,19.061],[76.482,19.087],[76.507,19.103],[76.561,19.112],[76.621,19.081],[76.634,19.05],[76.624,19.032],[76.624,19.015],[76.639,19.006],[76.66,19.005],[76.688,19.018],[76.716,19.018],[76.729,19.0],[76.737,18.977],[76.764,18.996],[76.784,19.026],[76.776,19.049],[76.826,19.045],[76.836,19.064],[76.894,19.051],[76.922,19.053],[76.953,19.083],[76.97,19.09],[76.98,19.102],[76.997,19.096],[77.031,19.098],[77.058,19.087],[77.057,19.112],[77.079,19.122],[77.093,19.102],[77.072,19.081],[77.089,19.066],[77.114,19.074],[77.144,19.083],[77.165,19.115],[77.185,19.105],[77.206,19.105],[77.223,19.115],[77.249,19.122],[77.262,19.117],[77.268,19.12],[77.271,19.136],[77.298,19.144],[77.324,19.137],[77.381,19.156],[77.389,19.124],[77.384,19.091],[77.456,19.04],[77.471,19.017],[77.488,19.009],[77.51,19.009],[77.555,18.992],[77.586,18.971],[77.608,18.937],[77.637,18.932],[77.647,18.914],[77.667,18.908],[77.689,18.889],[77.729,18.871],[77.785,18.866],[77.797,18.857],[77.817,18.853],[77.847,18.843],[77.861,18.831],[77.886,18.826],[77.918,18.834],[77.945,18.83],[77.951,18.848],[77.963,18.864],[77.986,18.871],[78.038,18.878],[78.04,18.899],[78.049,18.913],[78.069,18.922],[78.087,18.923],[78.106,18.949],[78.116,18.956],[78.129,18.95],[78.141,18.956],[78.151,18.974],[78.215,19.002],[78.248,19.002],[78.28,18.98],[78.285,18.945],[78.296,18.93],[78.317,18.94],[78.327,18.958],[78.367,18.982],[78.378,18.99],[78.412,18.986],[78.47,18.958],[78.5,18.965],[78.516,18.961],[78.53,18.947],[78.549,18.946],[78.559,18.96],[78.57,18.984],[78.629,18.982],[78.661,19.026],[78.694,19.035],[78.753,19.012],[78.786,19.022],[78.813,19.051],[78.854,19.061],[78.907,19.035],[78.923,19.045],[78.926,19.063],[78.943,19.069],[78.97,19.081],[79.046,19.069],[79.087,19.012],[79.118,18.939],[79.162,18.889],[79.196,18.869],[79.241,18.862],[79.251,18.848],[79.269,18.834],[79.288,18.817],[79.298,18.813],[79.317,18.816],[79.35,18.829],[79.409,18.859],[79.451,18.841],[79.525,18.797],[79.587,18.766],[79.61,18.741],[79.641,18.734],[79.687,18.68],[79.766,18.69],[79.799,18.706],[79.826,18.765],[79.854,18.814],[79.845,18.823],[79.834,18.841],[79.839,18.876],[79.855,18.879],[79.872,18.862],[79.883,18.837],[79.903,18.834],[80.002,18.786],[80.061,18.737],[80.084,18.701],[80.17,18.69],[80.251,18.701],[80.283,18.717],[80.303,18.705],[80.314,18.683],[80.317,18.652],[80.327,18.631],[80.344,18.611],[80.352,18.592],[80.37,18.61],[80.384,18.612],[80.394,18.593],[80.394,18.574],[80.382,18.547],[80.382,18.502],[80.406,18.465],[80.466,18.419],[80.492,18.292],[80.688,18.166],[80.702,18.143],[80.779,18.023],[80.817,18.005],[80.84,17.996],[80.881,17.952],[80.896,17.923],[80.885,17.868],[80.871,17.794],[80.872,17.756],[80.896,17.711],[80.889,17.671],[80.896,17.642],[80.936,17.635],[80.994,17.639],[81.011,17.618],[81.02,17.586],[81.067,17.608],[81.09,17.603],[81.116,17.608],[81.138,17.581],[81.159,17.579],[81.201,17.568],[81.238,17.566],[81.268,17.551],[81.293,17.497],[81.324,17.484],[81.347,17.49],[81.373,17.488],[81.388,17.471],[81.404,17.46],[81.431,17.457],[81.505,17.464],[81.54,17.43],[81.611,17.396],[81.614,17.354],[81.629,17.32],[81.663,17.31],[81.677,17.295],[81.667,17.287],[81.662,17.265],[81.65,17.207],[81.655,17.184],[81.667,17.169],[81.677,17.156],[81.686,17.112],[81.709,17.084],[81.75,17.031],[81.759,16.966],[81.749,16.95],[81.73,16.915],[81.752,16.832],[81.768,16.779],[81.801,16.737],[81.798,16.705],[81.842,16.642],[81.859,16.603],[81.859,16.535],[81.831,16.477],[81.795,16.464],[81.749,16.417],[81.73,16.436],[81.711,16.438],[81.697,16.415],[81.704,16.4],[81.712,16.391]],[[81.759,16.955],[81.764,16.912],[81.792,16.869],[81.849,16.772],[81.89,16.76],[81.925,16.723],[81.946,16.713],[81.982,16.706],[82.007,16.69],[82.034,16.696],[82.059,16.684],[82.089,16.683],[82.102,16.693],[82.141,16.705],[82.271,16.701]]]}},{"type":"Feature","properties":{"name":"Pamir","r":5.0},"geometry":{"type":"MultiLineString","coordinates":[[[73.605,37.446],[73.44,37.48],[73.361,37.457],[73.321,37.467],[73.276,37.46],[73.211,37.409],[73.179,37.411],[73.132,37.385],[73.099,37.34],[73.067,37.315],[72.924,37.275],[72.877,37.247],[72.79,37.221],[72.714,37.11],[72.666,37.039]]]}},{"type":"Feature","properties":{"name":"Panj","r":5.0},"geometry":{"type":"MultiLineString","coordinates":[[[72.657,37.029],[72.475,36.998],[72.361,37.001],[72.22,36.946],[72.196,36.919],[72.152,36.896],[71.836,36.699],[71.748,36.679],[71.653,36.687],[71.577,36.734],[71.552,36.77],[71.538,36.836],[71.471,36.93],[71.459,36.97],[71.456,37.023],[71.433,37.055],[71.433,37.128],[71.446,37.184],[71.45,37.217],[71.488,37.295],[71.496,37.329],[71.487,37.409],[71.501,37.446],[69.425,37.494],[69.415,37.478],[69.404,37.467],[69.384,37.454],[69.376,37.419],[69.379,37.377],[69.391,37.371],[69.388,37.364],[69.384,37.36],[69.386,37.342],[69.394,37.326],[69.409,37.277],[69.409,37.246],[69.445,37.237],[69.407,37.178],[69.351,37.144],[69.323,37.121],[69.285,37.113],[69.245,37.104],[69.145,37.157],[69.114,37.178],[69.078,37.225],[69.035,37.252],[69.005,37.306],[68.965,37.329],[68.893,37.337],[68.885,37.335],[68.896,37.317],[68.917,37.303],[68.915,37.279],[68.89,37.282],[68.868,37.312],[68.835,37.329],[68.81,37.312],[68.824,37.261],[68.808,37.252],[68.759,37.275],[68.726,37.275],[68.668,37.279],[68.662,37.264],[68.671,37.247],[68.636,37.23],[68.626,37.206],[68.571,37.195],[68.546,37.189],[68.523,37.165],[68.465,37.156],[68.418,37.128],[68.391,37.106],[68.346,37.107],[68.307,37.115],[68.28,37.087],[68.288,37.025],[68.253,37.01]]]}},{"type":"Feature","properties":{"name":"Amu  Darya","r":5.0},"geometry":{"type":"MultiLineString","coordinates":[[[68.212,37.022],[68.167,37.006],[68.133,36.987],[68.054,36.935],[68.032,36.925],[68.011,36.931],[68.002,36.948],[67.961,36.99],[67.929,37.006],[67.902,37.035],[67.878,37.065],[67.808,37.084],[67.773,37.11],[67.78,37.189],[67.764,37.221],[67.726,37.234],[67.677,37.234],[67.644,37.251],[67.622,37.253],[67.592,37.247],[67.58,37.233],[67.561,37.22],[67.526,37.273],[67.482,37.278],[67.431,37.24],[67.391,37.22],[67.345,37.213],[67.281,37.189],[67.236,37.193],[67.217,37.227],[67.187,37.258],[67.123,37.282],[67.097,37.341],[67.064,37.355],[67.005,37.385],[66.865,37.368],[66.724,37.36],[66.694,37.344],[66.654,37.346],[66.564,37.371],[66.519,37.364],[66.485,37.344],[66.461,37.325],[66.438,37.328],[66.413,37.35],[66.32,37.329],[66.274,37.344],[66.241,37.364],[66.218,37.375],[66.174,37.376],[66.143,37.385],[66.098,37.429]]]}},{"type":"Feature","properties":{"name":"Yarkant","r":6.0},"geometry":{"type":"MultiLineString","coordinates":[[[77.525,35.521],[77.564,35.534],[77.59,35.558],[77.658,35.591],[77.682,35.619],[77.692,35.685],[77.702,35.694],[77.708,35.715],[77.711,35.747],[77.689,35.785],[77.545,35.89],[77.549,35.913],[77.559,35.928],[77.642,36.079],[77.73,36.121],[77.758,36.172],[77.696,36.178],[77.558,36.255],[77.533,36.272],[77.539,36.288],[77.524,36.3],[77.518,36.319],[77.497,36.335],[77.498,36.372],[77.451,36.43],[77.405,36.432],[77.273,36.456],[77.226,36.457],[77.158,36.446],[77.101,36.459],[76.964,36.434],[76.904,36.402],[76.838,36.385],[76.82,36.386],[76.795,36.398],[76.78,36.392],[76.766,36.393],[76.75,36.405],[76.664,36.398],[76.514,36.431],[76.479,36.44],[76.462,36.493],[76.448,36.503],[76.441,36.512],[76.442,36.528],[76.421,36.552],[76.39,36.558],[76.333,36.583],[76.253,36.624],[76.209,36.628],[76.119,36.675],[76.077,36.724],[76.045,36.802],[76.045,36.818],[76.042,36.829],[76.031,36.846],[76.016,36.886],[75.97,36.938],[75.952,36.95],[75.924,36.956],[75.932,36.987],[75.991,37.073],[76.011,37.116],[76.011,37.167],[76.015,37.177],[76.002,37.191],[75.969,37.206],[75.938,37.267],[75.911,37.306],[75.911,37.323],[75.955,37.328],[75.963,37.307],[75.975,37.292],[76.004,37.288],[76.043,37.283],[76.079,37.288],[76.091,37.28],[76.106,37.275],[76.13,37.289],[76.144,37.313],[76.175,37.322],[76.189,37.335],[76.192,37.364],[76.235,37.407],[76.244,37.429],[76.229,37.46]]]}},{"type":"Feature","properties":{"name":"Sutlej","r":6.0},"geometry":{"type":"MultiLineString","coordinates":[[[76.765,31.409],[76.737,31.392],[76.739,31.376],[76.75,31.358],[76.743,31.318],[76.724,31.308],[76.694,31.312],[76.689,31.292],[76.67,31.27],[76.628,31.274],[76.57,31.331],[76.524,31.378],[76.492,31.41],[76.435,31.422]],[[81.295,30.792],[81.294,30.792],[81.289,30.8],[81.268,30.813],[81.222,30.831],[81.199,30.852]]]}},{"type":"Feature","properties":{"name":"Sutlej","r":6.0},"geometry":{"type":"MultiLineString","coordinates":[[[76.435,31.422],[76.419,31.418],[76.401,31.429],[76.385,31.412],[76.367,31.402],[76.378,31.339],[76.468,31.219],[76.553,31.171],[76.57,31.134],[76.585,31.09],[76.576,31.073],[76.549,31.067],[76.531,31.046],[76.539,31.016],[76.532,30.997],[76.511,30.98],[76.473,30.97],[76.453,30.974],[76.412,31.007],[76.373,31.011],[76.333,31.005],[76.302,31.016],[76.287,31.017],[76.271,31.005],[76.209,31.019],[76.179,31.007],[76.123,31.005],[76.094,30.993],[76.0,30.994],[75.966,31.008],[75.83,30.997],[75.754,30.995],[75.606,30.991],[75.539,30.973],[75.36,30.993],[75.32,31.014],[75.296,31.035],[75.272,31.04],[75.256,31.046],[75.247,31.049],[75.239,31.056],[75.229,31.058],[75.222,31.052],[75.206,31.052],[75.191,31.056],[75.182,31.082],[75.165,31.097],[75.133,31.102],[75.112,31.107],[75.126,31.121],[75.078,31.148],[75.033,31.183],[74.963,31.167],[74.861,31.163],[74.811,31.148],[74.74,31.101],[74.688,31.098],[74.579,31.043],[74.564,31.005],[74.534,30.976],[74.499,30.957],[74.458,30.954],[74.424,30.933],[74.409,30.901],[74.379,30.895],[74.342,30.902],[74.319,30.894],[74.304,30.874],[74.3,30.838],[74.26,30.82],[74.265,30.796],[74.259,30.781],[74.235,30.764],[74.198,30.725],[74.184,30.697],[74.166,30.679],[74.155,30.66],[74.111,30.647],[74.082,30.626],[74.057,30.592],[74.061,30.556],[74.044,30.519],[73.996,30.501],[73.939,30.426],[73.916,30.417],[73.902,30.416],[73.906,30.395],[73.867,30.388],[73.845,30.357],[73.77,30.368],[73.665,30.317],[73.633,30.323],[73.6,30.325],[73.58,30.319],[73.54,30.278],[73.505,30.268],[73.437,30.234],[73.397,30.219],[73.332,30.21],[73.339,30.185],[73.335,30.171],[73.311,30.169],[73.29,30.15],[73.28,30.129],[73.253,30.146],[73.233,30.171],[73.212,30.149],[73.218,30.121],[73.139,30.087],[73.053,30.093],[73.034,30.055],[72.933,29.983],[72.923,30.004],[72.888,30.004],[72.834,29.964],[72.787,29.953],[72.728,29.915],[72.71,29.902],[72.636,29.893],[72.63,29.846],[72.599,29.839],[72.543,29.833],[72.491,29.848],[72.453,29.852],[72.372,29.839],[72.358,29.83],[72.346,29.808],[72.324,29.805],[72.282,29.771],[72.258,29.733],[72.25,29.712],[72.21,29.716],[72.186,29.706],[72.173,29.682],[72.184,29.672],[72.173,29.661],[72.156,29.661],[72.148,29.655],[72.152,29.647],[72.152,29.611],[72.166,29.579],[72.101,29.552],[72.065,29.547],[72.018,29.507],[71.947,29.484],[71.917,29.474],[71.901,29.462],[71.817,29.476],[71.801,29.464],[71.789,29.449],[71.764,29.462],[71.72,29.443],[71.705,29.465],[71.668,29.474],[71.59,29.408],[71.595,29.392],[71.589,29.388],[71.568,29.394],[71.503,29.394],[71.489,29.381],[71.467,29.367],[71.446,29.38],[71.408,29.377],[71.364,29.374],[71.36,29.392],[71.35,29.408],[71.334,29.4],[71.313,29.392],[71.305,29.405],[71.309,29.412],[71.306,29.422],[71.284,29.428],[71.255,29.426],[71.249,29.414],[71.229,29.391],[71.208,29.409],[71.184,29.421],[71.168,29.397],[71.121,29.377],[71.097,29.39],[71.022,29.367]],[[81.199,30.852],[81.151,30.919],[81.054,30.944],[80.996,30.97],[80.952,30.978],[80.895,31.035],[80.793,31.093],[80.771,31.116],[80.755,31.125],[80.653,31.127],[80.585,31.107],[80.554,31.083],[80.525,31.055],[80.485,31.046],[80.425,31.063],[80.39,31.069],[80.365,31.086],[80.286,31.114],[80.249,31.145],[80.221,31.162],[80.152,31.186],[80.086,31.26],[80.062,31.266],[80.032,31.278],[80.003,31.298],[80.004,31.336],[79.93,31.402],[79.885,31.471],[79.828,31.493],[79.679,31.487],[79.613,31.502],[79.549,31.505],[79.508,31.521],[79.477,31.546],[79.452,31.549],[79.436,31.561],[79.423,31.587],[79.361,31.618],[79.338,31.636],[79.299,31.635],[79.245,31.673],[79.121,31.697],[79.097,31.685],[79.076,31.683],[79.049,31.69],[79.013,31.675],[78.991,31.649],[78.949,31.661],[78.923,31.693],[78.911,31.729],[78.859,31.786],[78.823,31.813],[78.792,31.808],[78.77,31.808],[78.759,31.819],[78.732,31.844],[78.703,31.847],[78.68,31.836],[78.654,31.825],[78.633,31.8],[78.628,31.765],[78.581,31.757],[78.545,31.734],[78.522,31.706],[78.435,31.658],[78.442,31.6],[78.371,31.594],[78.334,31.606],[78.292,31.6],[78.282,31.586],[78.261,31.521],[78.209,31.512],[78.102,31.528],[77.985,31.568],[77.946,31.573],[77.788,31.55],[77.689,31.492],[77.662,31.463],[77.628,31.447],[77.627,31.426],[77.633,31.405],[77.621,31.395],[77.555,31.389],[77.52,31.351],[77.441,31.347],[77.421,31.35],[77.391,31.361],[77.356,31.351],[77.308,31.276],[77.267,31.27],[77.138,31.238],[77.115,31.255],[77.091,31.259],[76.994,31.307],[76.976,31.326],[76.929,31.368],[76.891,31.366],[76.88,31.392],[76.886,31.41],[76.858,31.419],[76.825,31.429],[76.799,31.415],[76.765,31.409]],[[81.376,30.758],[81.355,30.764],[81.323,30.768],[81.294,30.792]]]}},{"type":"Feature","properties":{"name":"Mah\u00e4na Nad\u00ef","r":6.0},"geometry":{"type":"MultiLineString","coordinates":[[[83.858,21.52],[83.857,21.52],[83.834,21.533],[83.796,21.588],[83.735,21.668],[83.689,21.713],[83.602,21.742],[83.549,21.741],[83.519,21.7],[83.503,21.666],[83.467,21.646],[83.425,21.672],[83.39,21.692],[83.343,21.692],[83.308,21.693]]]}},{"type":"Feature","properties":{"name":"Mah\u00e4na Nad\u00ef","r":6.0},"geometry":{"type":"MultiLineString","coordinates":[[[83.857,21.52],[83.934,21.492],[83.98,21.432],[83.948,21.361],[83.897,21.308],[83.908,21.251],[83.909,21.205],[83.83,21.055],[83.822,21.018],[83.833,20.931],[83.965,20.836],[84.048,20.814],[84.168,20.876],[84.229,20.891],[84.291,20.877],[84.323,20.846],[84.344,20.775],[84.39,20.747],[84.516,20.736],[84.604,20.679],[84.708,20.629],[84.764,20.539],[84.81,20.512],[84.895,20.518],[85.035,20.432],[85.077,20.423],[85.093,20.405],[85.169,20.378],[85.206,20.382],[85.233,20.396],[85.257,20.388],[85.266,20.367],[85.303,20.362],[85.344,20.357],[85.364,20.36],[85.381,20.372],[85.416,20.382],[85.474,20.375],[85.504,20.379],[85.554,20.396],[85.604,20.437],[85.656,20.455],[85.682,20.437],[85.729,20.441],[85.749,20.465],[85.79,20.466],[85.82,20.452],[85.865,20.446],[85.923,20.391],[85.964,20.362],[85.998,20.368],[86.016,20.362],[86.063,20.261],[86.098,20.232],[86.145,20.212],[86.157,20.179],[86.159,20.143]],[[80.625,20.599],[80.638,20.646],[80.623,20.718],[80.632,20.753],[80.698,20.762],[80.738,20.773],[80.755,20.785],[80.763,20.798],[80.775,20.823],[80.842,20.936],[80.897,21.004],[80.993,21.042],[81.05,21.063],[81.088,21.054],[81.12,21.081],[81.159,21.102],[81.215,21.096],[81.239,21.116],[81.245,21.175],[81.234,21.206],[81.236,21.229],[81.257,21.236],[81.274,21.253],[81.294,21.304],[81.307,21.339],[81.31,21.36],[81.363,21.42],[81.367,21.445],[81.355,21.476],[81.36,21.495],[81.369,21.514],[81.389,21.574],[81.418,21.583],[81.424,21.594],[81.427,21.615],[81.519,21.613],[81.528,21.623],[81.536,21.629],[81.56,21.637],[81.593,21.64],[81.605,21.627],[81.609,21.596],[81.644,21.59],[81.69,21.586],[81.697,21.63],[81.674,21.652],[81.681,21.681],[81.703,21.687],[81.718,21.702],[81.701,21.758],[81.727,21.76],[81.756,21.757],[81.835,21.767],[81.913,21.807],[81.972,21.856],[82.003,21.865],[82.021,21.876],[82.035,21.888],[82.062,21.885],[82.13,21.849],[82.17,21.852],[82.18,21.807],[82.199,21.775],[82.277,21.76],[82.31,21.725],[82.362,21.722],[82.444,21.754],[82.472,21.742],[82.51,21.742],[82.531,21.754],[82.554,21.738],[82.578,21.729],[82.636,21.731],[82.674,21.719],[82.687,21.726],[82.695,21.733],[82.756,21.72],[82.784,21.73],[82.852,21.703],[82.891,21.705],[82.993,21.728],[83.017,21.735],[83.063,21.717],[83.092,21.716],[83.141,21.723],[83.277,21.695]]]}},{"type":"Feature","properties":{"name":"Krishna","r":6.0},"geometry":{"type":"MultiLineString","coordinates":[[[78.997,16.23],[79.022,16.247],[79.092,16.229],[79.136,16.228],[79.184,16.221],[79.21,16.237],[79.221,16.265],[79.229,16.31],[79.23,16.342],[79.212,16.377],[79.21,16.408],[79.22,16.473],[79.217,16.504],[79.248,16.554],[79.284,16.575],[79.313,16.579]]]}},{"type":"Feature","properties":{"name":"Krishna","r":6.0},"geometry":{"type":"MultiLineString","coordinates":[[[73.796,17.992],[73.856,17.976],[73.947,17.888],[73.975,17.817],[74.036,17.765],[74.046,17.703],[74.072,17.672],[74.125,17.642],[74.146,17.579],[74.125,17.512],[74.097,17.497],[74.091,17.47],[74.103,17.445],[74.104,17.411],[74.108,17.392],[74.205,17.292],[74.193,17.235],[74.203,17.221],[74.219,17.205],[74.217,17.189],[74.188,17.176],[74.234,17.137],[74.297,17.134],[74.302,17.114],[74.324,17.12],[74.366,17.101],[74.36,17.077],[74.376,17.056],[74.379,17.035],[74.386,17.03],[74.394,17.037],[74.404,17.041],[74.42,17.048],[74.445,17.04],[74.459,17.022],[74.458,17.005],[74.448,16.993],[74.471,16.959],[74.492,16.942],[74.526,16.916],[74.54,16.869],[74.533,16.856],[74.552,16.83],[74.576,16.815],[74.623,16.804],[74.639,16.782],[74.662,16.76],[74.695,16.744],[74.616,16.72],[74.614,16.678],[74.681,16.634],[74.665,16.628],[74.631,16.617],[74.663,16.578],[74.698,16.565],[74.721,16.58],[74.735,16.586],[74.793,16.598],[74.805,16.627],[74.806,16.651],[74.872,16.667],[74.902,16.662],[74.916,16.635],[74.949,16.645],[74.965,16.67],[74.988,16.667],[75.01,16.648],[75.095,16.54],[75.137,16.529],[75.16,16.552],[75.157,16.577],[75.16,16.606],[75.217,16.627],[75.263,16.593],[75.318,16.586],[75.36,16.602],[75.396,16.548],[75.396,16.542],[75.405,16.537],[75.421,16.538],[75.452,16.515],[75.451,16.476],[75.434,16.436],[75.447,16.423],[75.482,16.437],[75.493,16.453],[75.531,16.466],[75.568,16.429],[75.605,16.444],[75.641,16.446],[75.664,16.429],[75.708,16.415],[75.718,16.388],[75.751,16.365],[75.786,16.349],[75.807,16.348],[75.832,16.361],[75.873,16.351],[75.901,16.33],[75.983,16.312],[76.025,16.283],[76.053,16.272],[76.058,16.223],[76.119,16.19],[76.202,16.182],[76.258,16.157],[76.286,16.16],[76.298,16.184],[76.322,16.192],[76.368,16.243],[76.404,16.258],[76.443,16.248],[76.477,16.251],[76.545,16.323],[76.57,16.342],[76.63,16.355],[76.685,16.391],[76.753,16.429],[76.774,16.436],[76.796,16.424],[76.822,16.425],[76.846,16.438],[76.859,16.452],[76.875,16.484],[76.934,16.496],[76.949,16.511],[76.967,16.512],[76.967,16.519],[76.975,16.547],[76.99,16.565],[77.006,16.527],[77.052,16.519],[77.1,16.49],[77.149,16.472],[77.165,16.442],[77.394,16.381],[77.473,16.381],[77.552,16.353],[77.624,16.353],[77.735,16.327],[77.898,16.22],[77.936,16.141],[77.99,16.098],[78.072,16.025],[78.128,16.004],[78.149,15.974],[78.176,15.949],[78.212,15.956],[78.244,15.976],[78.256,16.006],[78.244,16.039],[78.281,16.028],[78.316,16.028],[78.342,16.059],[78.379,16.076],[78.464,16.086],[78.511,16.092],[78.533,16.072],[78.549,16.06],[78.57,16.055],[78.629,16.071],[78.657,16.068],[78.734,16.03],[78.791,16.035],[78.839,16.067],[78.839,16.125],[78.847,16.151],[78.86,16.149],[78.882,16.138],[78.898,16.143],[78.906,16.151],[78.909,16.161],[78.947,16.206]],[[79.313,16.579],[79.406,16.587],[79.427,16.597],[79.44,16.606],[79.477,16.632],[79.504,16.642],[79.533,16.63],[79.551,16.63],[79.57,16.645],[79.585,16.649],[79.587,16.657],[79.592,16.667],[79.606,16.672],[79.635,16.669],[79.668,16.686],[79.721,16.689],[79.746,16.716],[79.772,16.727],[79.813,16.711],[79.862,16.707],[79.889,16.691],[79.915,16.628],[79.958,16.63],[79.972,16.655],[80.029,16.725],[80.046,16.748],[80.048,16.768],[80.073,16.823],[80.121,16.791],[80.138,16.732],[80.14,16.658],[80.176,16.628],[80.192,16.612],[80.292,16.588],[80.358,16.58],[80.38,16.57],[80.396,16.569],[80.403,16.584],[80.425,16.587],[80.45,16.588],[80.465,16.593],[80.476,16.59],[80.496,16.576],[80.51,16.564],[80.537,16.556],[80.567,16.525],[80.621,16.494],[80.683,16.436],[80.715,16.377],[80.759,16.305],[80.774,16.312],[80.784,16.308],[80.793,16.292],[80.812,16.267],[80.839,16.164],[80.883,16.014]]]}},{"type":"Feature","properties":{"name":"Helmand","r":6.0},"geometry":{"type":"MultiLineString","coordinates":[[[68.489,34.572],[68.451,34.549],[68.362,34.52],[68.355,34.501],[68.338,34.486],[68.287,34.508],[68.212,34.513],[68.013,34.492],[67.978,34.466],[67.94,34.444],[67.739,34.41],[67.65,34.379],[67.619,34.362],[67.575,34.355],[67.431,34.253],[67.331,34.212],[67.296,34.191]],[[67.266,34.163],[67.222,34.102],[67.23,34.068],[67.262,34.014],[67.238,33.954],[67.15,33.951],[67.091,33.893],[67.029,33.866],[66.929,33.763],[66.875,33.73],[66.777,33.725],[66.753,33.704],[66.731,33.692],[66.672,33.709],[66.616,33.658],[66.515,33.607],[66.489,33.598],[66.458,33.567],[66.412,33.546],[66.379,33.543],[66.32,33.504],[66.297,33.474],[66.286,33.407],[66.197,33.404],[66.055,33.297],[66.046,33.28],[66.053,33.244],[66.012,33.212]]]}},{"type":"Feature","properties":{"name":"Yamuna","r":6.0},"geometry":{"type":"MultiLineString","coordinates":[[[78.34,30.915],[78.217,30.82],[78.095,30.775],[78.064,30.69],[78.021,30.647],[77.972,30.532],[77.958,30.511],[77.894,30.538],[77.868,30.523],[77.839,30.513],[77.769,30.498],[77.665,30.446],[77.623,30.441],[77.576,30.429],[77.567,30.406],[77.586,30.381],[77.585,30.325],[77.538,30.209],[77.484,30.153],[77.339,30.07],[77.32,30.06],[77.318,30.04],[77.311,30.04],[77.301,30.037],[77.285,30.038],[77.279,30.027],[77.277,30.018],[77.23,29.977],[77.21,29.929],[77.162,29.771],[77.148,29.77],[77.134,29.764],[77.135,29.748],[77.141,29.733],[77.128,29.714],[77.114,29.682],[77.094,29.641],[77.089,29.612],[77.1,29.589],[77.079,29.576],[77.058,29.556],[77.07,29.536],[77.071,29.511],[77.066,29.504],[77.105,29.495],[77.107,29.469],[77.066,29.425],[77.103,29.427],[77.148,29.415],[77.145,29.396],[77.134,29.38],[77.134,29.343],[77.146,29.324],[77.145,29.302],[77.131,29.281],[77.14,29.124],[77.135,29.119],[77.136,29.109],[77.145,29.103],[77.169,29.036],[77.19,28.988],[77.176,28.963],[77.21,28.935],[77.221,28.914],[77.213,28.897],[77.217,28.844],[77.198,28.813],[77.196,28.794],[77.202,28.79],[77.217,28.788],[77.216,28.776],[77.215,28.77],[77.219,28.745],[77.23,28.733],[77.224,28.701]],[[77.223,28.694],[77.223,28.689],[77.223,28.695],[77.223,28.694]],[[77.223,28.694],[77.244,28.66],[77.253,28.61],[77.29,28.579],[77.327,28.52],[77.343,28.498],[77.363,28.49],[77.379,28.472],[77.377,28.455],[77.402,28.467],[77.415,28.465],[77.417,28.454],[77.425,28.436],[77.439,28.429],[77.466,28.434],[77.468,28.397],[77.497,28.393],[77.466,28.315],[77.49,28.286],[77.491,28.264],[77.529,28.254],[77.533,28.241],[77.526,28.233],[77.521,28.217],[77.502,28.212],[77.502,28.197],[77.539,28.181],[77.495,28.152],[77.504,28.093],[77.471,28.099],[77.468,28.047],[77.496,28.028],[77.512,28.0],[77.529,27.953],[77.511,27.919],[77.533,27.88],[77.565,27.863],[77.585,27.86],[77.594,27.834],[77.58,27.797],[77.65,27.812],[77.679,27.808],[77.69,27.797],[77.684,27.784],[77.665,27.758],[77.676,27.744],[77.689,27.705],[77.677,27.673],[77.678,27.655],[77.692,27.642],[77.69,27.621],[77.655,27.605],[77.687,27.602],[77.706,27.588],[77.699,27.568],[77.685,27.533],[77.685,27.515],[77.696,27.503],[77.721,27.436],[77.733,27.424],[77.742,27.406],[77.754,27.381],[77.784,27.392],[77.799,27.38],[77.782,27.353],[77.783,27.333],[77.802,27.315],[77.822,27.309],[77.832,27.294],[77.861,27.266],[77.868,27.294],[77.898,27.292],[77.909,27.251],[77.933,27.267],[77.937,27.293],[77.96,27.291],[77.961,27.259],[77.981,27.27],[78.008,27.266],[78.028,27.237],[78.029,27.201],[78.046,27.187],[78.063,27.198],[78.087,27.195],[78.111,27.18],[78.169,27.179],[78.189,27.196],[78.211,27.169],[78.199,27.133],[78.214,27.087],[78.248,27.093],[78.237,27.112],[78.261,27.107],[78.272,27.084],[78.295,27.116],[78.309,27.124],[78.334,27.125],[78.349,27.127],[78.36,27.112],[78.323,27.098],[78.299,27.064],[78.33,27.075],[78.358,27.076],[78.391,27.064],[78.43,27.037],[78.435,26.996],[78.479,26.981],[78.504,26.951],[78.514,26.929],[78.532,26.935],[78.511,26.982],[78.556,26.976],[78.563,26.946],[78.591,26.927],[78.591,26.939],[78.584,26.95],[78.592,26.956],[78.605,26.954],[78.61,26.932],[78.628,26.893],[78.676,26.914],[78.704,26.9],[78.729,26.919],[78.752,26.904],[78.762,26.894],[78.772,26.872],[78.799,26.866],[78.815,26.842],[78.858,26.803],[78.907,26.793],[78.939,26.778],[78.929,26.762],[78.985,26.758],[79.003,26.754],[78.992,26.741],[78.994,26.733],[79.009,26.722],[79.016,26.701],[79.039,26.684],[79.038,26.654],[79.067,26.639],[79.062,26.631],[79.052,26.626],[79.081,26.602],[79.095,26.6],[79.128,26.605],[79.16,26.593],[79.18,26.588],[79.203,26.564],[79.231,26.536],[79.282,26.515],[79.262,26.48],[79.224,26.457],[79.219,26.431],[79.265,26.44],[79.297,26.434],[79.307,26.413],[79.325,26.404],[79.348,26.411],[79.416,26.437],[79.463,26.438],[79.477,26.414],[79.48,26.384],[79.498,26.355],[79.517,26.354],[79.532,26.365],[79.556,26.349],[79.529,26.321],[79.532,26.288],[79.566,26.263],[79.608,26.256],[79.635,26.239],[79.649,26.21],[79.724,26.187],[79.748,26.164],[79.739,26.156],[79.74,26.137],[79.766,26.116],[79.795,26.109],[79.865,26.108],[79.9,26.095],[79.922,26.153],[79.937,26.166],[79.956,26.154],[79.958,26.129],[79.959,26.072],[80.009,26.066],[80.08,26.071],[80.093,26.037],[80.073,26.009],[80.088,25.995],[80.108,25.989],[80.141,25.964],[80.194,25.928],[80.256,25.93],[80.286,25.903],[80.322,25.896],[80.407,25.915],[80.519,25.879],[80.546,25.855],[80.516,25.838],[80.459,25.835],[80.492,25.791],[80.557,25.79],[80.568,25.778],[80.561,25.759],[80.562,25.738],[80.581,25.728],[80.649,25.714],[80.706,25.688],[80.772,25.688],[80.787,25.693],[80.806,25.723],[80.829,25.725],[80.845,25.708],[80.859,25.682],[80.906,25.688],[80.934,25.674],[80.951,25.614],[81.013,25.625],[81.027,25.617],[81.021,25.587],[80.999,25.571],[81.01,25.552],[81.017,25.543],[81.065,25.519],[81.171,25.5],[81.192,25.474],[81.153,25.43],[81.158,25.393],[81.184,25.371],[81.244,25.354],[81.282,25.332],[81.344,25.342],[81.385,25.32],[81.383,25.29],[81.409,25.274],[81.472,25.266],[81.513,25.276],[81.661,25.358],[81.726,25.357],[81.76,25.334],[81.795,25.33],[81.812,25.349],[81.793,25.375],[81.799,25.39],[81.828,25.416],[81.876,25.427]]]}},{"type":"Feature","properties":{"name":"Narmada","r":6.0},"geometry":{"type":"MultiLineString","coordinates":[[[81.574,22.754],[81.462,22.765],[81.421,22.826],[81.386,22.849],[81.314,22.87],[81.28,22.877],[81.249,22.898],[81.191,22.917],[81.175,22.929],[81.175,22.941],[81.162,22.948],[81.154,22.946],[81.128,22.951],[81.084,22.96],[81.035,22.982],[81.013,22.97],[81.001,22.93],[80.932,22.952],[80.889,22.953],[80.9,22.988],[80.893,23.018],[80.842,23.055],[80.817,23.039],[80.802,22.995],[80.766,23.021],[80.737,23.005],[80.666,22.994],[80.629,22.964],[80.611,22.97],[80.572,22.971],[80.519,22.953],[80.533,22.918],[80.521,22.887],[80.514,22.878],[80.477,22.842],[80.492,22.816],[80.5,22.788],[80.496,22.76],[80.491,22.749],[80.508,22.721],[80.499,22.702],[80.492,22.691],[80.478,22.675],[80.488,22.664],[80.502,22.645],[80.505,22.623],[80.45,22.579],[80.408,22.576],[80.373,22.595],[80.34,22.633],[80.336,22.688],[80.327,22.726],[80.296,22.728],[80.283,22.741],[80.269,22.796],[80.217,22.801],[80.193,22.789],[80.186,22.773],[80.165,22.766],[80.149,22.773],[80.075,22.773],[80.032,22.784],[80.008,22.818],[79.929,22.889],[79.94,22.9],[79.946,22.916],[79.94,22.943],[79.91,22.986],[79.91,23.008],[79.937,23.038],[79.947,23.06],[79.948,23.096],[79.906,23.111],[79.855,23.101],[79.793,23.129],[79.789,23.132],[79.77,23.128],[79.752,23.117],[79.726,23.119],[79.709,23.113],[79.687,23.097],[79.642,23.109],[79.605,23.111],[79.582,23.122],[79.554,23.131],[79.494,23.127],[79.455,23.106],[79.41,23.097],[79.348,23.107],[79.323,23.096],[79.267,23.089],[79.159,23.069],[79.126,23.076],[79.118,23.06],[79.101,23.021],[79.063,23.013],[79.022,23.025],[78.984,23.046],[78.772,23.041],[78.743,23.048],[78.72,23.046],[78.674,23.033],[78.645,23.021],[78.494,23.006],[78.442,22.98],[78.416,22.971],[78.392,22.955],[78.384,22.939],[78.329,22.915],[78.306,22.898],[78.286,22.864],[78.263,22.867],[78.244,22.864],[78.227,22.878],[78.22,22.89],[78.171,22.883],[78.144,22.857],[78.13,22.826],[78.12,22.789],[78.072,22.808],[78.043,22.803],[78.02,22.806],[77.994,22.823],[77.963,22.817],[77.947,22.814],[77.938,22.808],[77.927,22.82],[77.929,22.83],[77.925,22.855],[77.909,22.864],[77.884,22.84],[77.87,22.845],[77.867,22.867],[77.845,22.867],[77.772,22.785],[77.739,22.772],[77.623,22.721],[77.58,22.681],[77.545,22.672],[77.458,22.634],[77.425,22.627],[77.333,22.571],[77.295,22.566],[77.262,22.596],[77.18,22.571],[77.14,22.563],[77.049,22.501],[76.922,22.494],[76.872,22.457],[76.834,22.448],[76.803,22.426],[76.783,22.395],[76.784,22.346],[76.763,22.31],[76.689,22.264],[76.651,22.264],[76.586,22.235],[76.544,22.231],[76.511,22.255],[76.501,22.265],[76.48,22.281],[76.47,22.293],[76.47,22.309],[76.464,22.323],[76.435,22.336],[76.371,22.326],[76.312,22.302],[76.226,22.285],[76.188,22.242],[76.117,22.245],[76.076,22.23],[76.043,22.227],[76.017,22.21],[75.954,22.188],[75.796,22.181],[75.739,22.158],[75.654,22.171],[75.468,22.153],[75.404,22.137],[75.255,22.125],[75.222,22.121],[75.191,22.109],[75.146,22.109],[75.122,22.098],[75.068,22.103],[74.983,22.076],[74.897,22.082],[74.835,22.069],[74.782,22.076],[74.759,22.073],[74.725,22.062],[74.59,22.023],[74.558,22.023],[74.54,22.037],[74.531,22.05],[74.495,22.041],[74.414,22.035],[74.352,21.987],[74.321,21.976],[74.295,21.968],[74.289,21.963],[74.288,21.95],[74.268,21.936],[74.228,21.926],[74.183,21.929],[74.129,21.952],[73.975,21.901],[73.943,21.875],[73.9,21.87],[73.833,21.844],[73.756,21.836],[73.718,21.842],[73.687,21.856],[73.681,21.876],[73.67,21.89],[73.641,21.902],[73.607,21.912],[73.588,21.944],[73.564,21.955],[73.543,21.98],[73.524,21.979],[73.512,21.972],[73.462,21.985],[73.444,21.987],[73.425,21.931],[73.374,21.929],[73.304,21.89],[73.279,21.923],[73.249,21.939],[73.227,21.915],[73.245,21.844],[73.221,21.829],[73.182,21.84],[73.153,21.856],[73.149,21.812],[73.132,21.754]]]}},{"type":"Feature","properties":{"name":"Chenab","r":6.0},"geometry":{"type":"MultiLineString","coordinates":[[[77.436,32.293],[77.374,32.307],[77.298,32.368],[77.098,32.488],[77.055,32.505],[76.992,32.513],[76.968,32.542],[76.955,32.595],[76.922,32.615],[76.898,32.624],[76.875,32.639],[76.836,32.65],[76.73,32.673],[76.647,32.734],[76.609,32.751],[76.444,32.768],[76.428,32.823],[76.441,32.859],[76.462,32.89],[76.457,32.928],[76.443,32.95],[76.432,32.96],[76.428,32.98],[76.435,33.009],[76.427,33.05],[76.355,33.116],[76.334,33.124],[76.315,33.135],[76.308,33.149],[76.277,33.156],[76.199,33.242],[76.136,33.275],[76.119,33.287],[76.096,33.307],[76.042,33.329],[76.014,33.335],[75.964,33.339],[75.771,33.383],[75.736,33.367],[75.725,33.335],[75.74,33.304],[75.808,33.217],[75.8,33.162],[75.759,33.159],[75.703,33.171],[75.647,33.148],[75.6,33.141],[75.408,33.136],[75.364,33.14],[75.325,33.156],[75.305,33.191],[75.273,33.218],[75.233,33.232],[75.184,33.266],[75.143,33.274],[75.129,33.254],[75.129,33.234],[75.096,33.211],[75.078,33.187],[75.069,33.166],[75.047,33.163],[74.981,33.178],[74.879,33.175],[74.818,33.193],[74.801,33.173],[74.808,33.144],[74.792,33.057],[74.808,33.016],[74.783,32.937],[74.784,32.921],[74.78,32.912],[74.774,32.912],[74.74,32.892],[74.725,32.873],[74.603,32.819],[74.565,32.796],[74.533,32.783],[74.469,32.701],[74.355,32.622],[74.316,32.603],[74.22,32.565],[74.202,32.543],[74.155,32.528],[74.133,32.5],[74.069,32.462],[74.01,32.429],[73.964,32.416],[73.905,32.413],[73.853,32.388],[73.791,32.383],[73.769,32.354],[73.738,32.338],[73.661,32.34],[73.612,32.293],[73.58,32.289],[73.565,32.281],[73.541,32.256],[73.512,32.238],[73.4,32.227],[73.325,32.133],[73.283,32.097],[73.267,32.061],[73.214,32.035],[73.196,31.997],[73.188,31.95],[73.139,31.902],[73.118,31.846],[73.093,31.819],[73.001,31.792],[72.976,31.775],[72.96,31.763],[72.919,31.71],[72.879,31.71],[72.838,31.699],[72.742,31.676],[72.656,31.666],[72.618,31.645],[72.594,31.622],[72.574,31.612],[72.543,31.608],[72.529,31.592],[72.522,31.577],[72.505,31.564],[72.47,31.551],[72.388,31.506],[72.35,31.46],[72.251,31.365],[72.253,31.294],[72.23,31.215],[72.203,31.207],[72.139,31.183]],[[72.139,31.183],[72.139,31.094],[72.11,31.067],[72.091,31.052],[72.091,31.024],[72.083,31.009],[72.073,30.987],[72.053,30.972],[72.04,30.963],[72.018,30.953],[72.001,30.92],[71.986,30.886],[71.942,30.861],[71.927,30.832],[71.878,30.799],[71.851,30.698],[71.832,30.657],[71.794,30.623],[71.771,30.614],[71.737,30.597],[71.713,30.573],[71.668,30.577],[71.639,30.549],[71.608,30.521],[71.559,30.495],[71.535,30.463],[71.521,30.457],[71.494,30.454],[71.489,30.441],[71.453,30.389],[71.405,30.36],[71.398,30.324],[71.364,30.316],[71.359,30.274],[71.343,30.244],[71.323,30.183],[71.309,30.156],[71.306,30.124],[71.295,30.11],[71.289,30.093],[71.252,30.044],[71.239,29.984],[71.227,29.956],[71.226,29.935],[71.22,29.915],[71.196,29.907],[71.177,29.886],[71.174,29.865],[71.188,29.855],[71.206,29.82],[71.199,29.772],[71.175,29.725],[71.167,29.68],[71.141,29.64],[71.088,29.606],[71.049,29.588],[71.045,29.549],[71.021,29.535],[71.017,29.517],[71.027,29.478],[71.03,29.451],[71.046,29.425],[71.028,29.402],[71.018,29.38],[71.013,29.314],[70.98,29.278],[70.946,29.256],[70.939,29.219],[70.848,29.228],[70.823,29.213],[70.82,29.174],[70.795,29.147],[70.757,29.15],[70.754,29.119],[70.738,29.099],[70.72,29.086],[70.699,29.038],[70.682,29.029],[70.639,29.037]]]}},{"type":"Feature","properties":{"name":"Maquan","r":2.0},"geometry":{"type":"MultiLineString","coordinates":[[[82.4,30.411],[82.439,30.424],[82.472,30.422],[82.539,30.398],[82.569,30.368],[82.589,30.36],[82.646,30.382],[82.664,30.381],[82.675,30.374],[82.723,30.365],[82.769,30.359],[82.835,30.371],[82.87,30.364],[82.907,30.328],[82.917,30.291],[82.934,30.251],[82.965,30.224],[83.037,30.185],[83.066,30.18],[83.082,30.175],[83.09,30.159],[83.132,30.142],[83.168,30.125],[83.199,30.112],[83.238,30.086],[83.252,30.073],[83.277,30.073],[83.293,30.077],[83.323,30.059],[83.382,30.042],[83.396,30.005],[83.452,29.977],[83.537,29.939],[83.589,29.894],[83.605,29.878],[83.707,29.862],[83.754,29.843],[83.817,29.815],[83.969,29.731],[83.954,29.715],[83.976,29.658],[83.99,29.633],[84.007,29.616],[84.087,29.57],[84.166,29.579],[84.198,29.577],[84.22,29.566],[84.238,29.541],[84.261,29.548],[84.416,29.535],[84.493,29.511],[84.504,29.433],[84.48,29.349],[84.503,29.332],[84.505,29.315],[84.499,29.297],[84.524,29.276],[84.583,29.257],[84.596,29.272],[84.603,29.285],[84.627,29.286],[84.666,29.275],[84.776,29.224],[84.814,29.234],[84.922,29.19],[85.001,29.199],[85.036,29.234],[85.035,29.251],[85.046,29.255],[85.055,29.257],[85.083,29.275],[85.144,29.317],[85.235,29.32],[85.265,29.305],[85.323,29.278],[85.409,29.274],[85.445,29.258],[85.487,29.251],[85.555,29.256],[85.597,29.207],[85.631,29.182],[85.731,29.192],[85.782,29.216],[85.845,29.2],[86.147,29.178],[86.17,29.184],[86.224,29.206],[86.247,29.198],[86.271,29.21],[86.35,29.211],[86.411,29.219],[86.454,29.207],[86.478,29.222],[86.501,29.22],[86.522,29.235],[86.546,29.213],[86.607,29.202],[86.637,29.202],[86.667,29.213],[87.006,29.185],[87.036,29.163],[87.049,29.155],[87.067,29.152],[87.085,29.16],[87.099,29.172],[87.121,29.177],[87.167,29.152],[87.219,29.157],[87.296,29.131],[87.519,29.125],[87.604,29.15],[87.642,29.151]]]}},{"type":"Feature","properties":{"name":"Za","r":2.0},"geometry":{"type":"MultiLineString","coordinates":[[[94.084,33.156],[94.113,33.168],[94.165,33.182],[94.222,33.178],[94.348,33.15],[94.457,33.168],[94.469,33.191],[94.484,33.208],[94.512,33.217],[94.579,33.212],[94.602,33.2],[94.628,33.186],[94.724,33.179],[94.79,33.188],[94.876,33.16],[94.892,33.139],[94.947,33.095],[94.965,33.1],[94.996,33.086],[95.029,33.079],[95.069,33.065],[95.086,33.043],[95.083,33.027],[95.083,33.006],[95.095,32.974],[95.09,32.961],[95.095,32.95],[95.114,32.937],[95.136,32.944],[95.218,32.896],[95.252,32.907],[95.35,32.879],[95.439,32.849],[95.558,32.848],[95.614,32.806],[95.648,32.727],[95.66,32.715],[95.735,32.693],[95.807,32.662],[95.872,32.6],[95.96,32.545],[96.003,32.543],[96.042,32.562],[96.181,32.571],[96.195,32.55],[96.209,32.537],[96.239,32.526],[96.255,32.503],[96.272,32.495],[96.311,32.488],[96.362,32.434],[96.37,32.442],[96.392,32.435],[96.428,32.402],[96.416,32.384],[96.445,32.32],[96.459,32.286],[96.489,32.264],[96.496,32.238],[96.52,32.183],[96.549,32.156],[96.592,32.149],[96.616,32.138],[96.632,32.133],[96.647,32.122],[96.658,32.126],[96.671,32.129],[96.687,32.121],[96.705,32.114],[96.733,32.121],[96.759,32.112],[96.781,32.047],[96.823,32.049],[96.847,32.037],[96.844,32.016],[96.851,31.976],[96.898,31.963],[96.941,31.966]]]}},{"type":"Feature","properties":{"name":"Jhelum","r":7.0},"geometry":{"type":"MultiLineString","coordinates":[[[74.594,34.38],[74.594,34.38],[74.569,34.398],[74.541,34.375],[74.544,34.314]],[[73.598,33.321],[73.602,33.301],[73.605,33.266],[73.626,33.23],[73.655,33.206],[73.673,33.168],[73.643,33.142]]]}},{"type":"Feature","properties":{"name":"Jhelum","r":7.0},"geometry":{"type":"MultiLineString","coordinates":[[[74.532,34.302],[74.376,34.25],[74.34,34.214],[74.288,34.197],[74.269,34.178],[74.238,34.178],[74.22,34.174],[74.174,34.151],[74.088,34.136],[74.02,34.099],[73.975,34.112],[73.896,34.105],[73.852,34.137],[73.785,34.166],[73.691,34.175],[73.627,34.203],[73.584,34.239],[73.513,34.324],[73.473,34.336],[73.461,34.337],[73.46,34.319],[73.489,34.181],[73.488,34.129],[73.516,34.007],[73.58,33.876],[73.574,33.777],[73.593,33.745],[73.598,33.708],[73.575,33.663],[73.576,33.647],[73.574,33.626],[73.612,33.592],[73.63,33.556],[73.629,33.53],[73.616,33.525],[73.612,33.509],[73.623,33.469],[73.625,33.451],[73.611,33.446],[73.592,33.411],[73.571,33.387],[73.584,33.355],[73.601,33.332]],[[75.366,33.444],[75.353,33.485],[75.325,33.497],[75.25,33.554],[75.189,33.583],[75.174,33.616],[75.11,33.695],[75.106,33.717],[75.116,33.733],[75.116,33.763],[75.102,33.8],[75.085,33.821],[75.02,33.88],[74.994,33.936],[74.964,33.958],[74.907,33.975],[74.9,34.015],[74.717,34.14],[74.625,34.252],[74.619,34.27],[74.63,34.302],[74.63,34.333],[74.594,34.38]],[[73.643,33.142],[73.638,33.102],[73.73,33.062],[73.778,33.018],[73.764,32.97],[73.744,32.952],[73.728,32.94],[73.701,32.906],[73.68,32.891],[73.667,32.876],[73.612,32.841],[73.59,32.771],[73.563,32.747],[73.551,32.729],[73.533,32.707],[73.469,32.677],[73.377,32.64],[73.33,32.628],[73.269,32.635],[73.228,32.597],[73.027,32.572],[72.976,32.544],[72.916,32.536],[72.775,32.456],[72.693,32.436],[72.604,32.434],[72.584,32.413],[72.536,32.402],[72.484,32.357],[72.426,32.327],[72.373,32.289],[72.337,32.232],[72.302,32.108],[72.254,32.033],[72.241,31.987],[72.255,31.919],[72.265,31.895],[72.263,31.877],[72.255,31.861],[72.247,31.816],[72.223,31.771],[72.2,31.748],[72.167,31.697],[72.138,31.498],[72.125,31.467],[72.13,31.451],[72.133,31.433],[72.139,31.409],[72.127,31.394],[72.111,31.381],[72.125,31.313],[72.129,31.266],[72.156,31.236],[72.159,31.217],[72.142,31.201],[72.139,31.183]]]}},{"type":"Feature","properties":{"name":"Mae Klong","r":7.0},"geometry":{"type":"MultiLineString","coordinates":[[[98.892,16.176],[98.881,16.093],[98.856,16.071],[98.857,16.031],[98.823,16.008],[98.816,15.973],[98.83,15.888],[98.858,15.841],[98.839,15.822],[98.81,15.749],[98.823,15.692],[98.882,15.611],[98.897,15.573],[98.823,15.531],[98.82,15.501],[98.833,15.448],[98.864,15.415],[98.9,15.363],[98.886,15.344],[98.902,15.3],[98.902,15.274],[98.919,15.23],[98.92,15.193],[98.933,15.161],[98.959,15.157],[98.969,15.147],[98.985,15.097]]]}},{"type":"Feature","properties":{"name":"Cauvery","r":7.0},"geometry":{"type":"MultiLineString","coordinates":[[[76.432,12.516],[76.438,12.508],[76.462,12.477],[76.469,12.467],[76.497,12.453],[76.535,12.441],[76.572,12.427]],[[77.675,11.971],[77.687,11.948],[77.738,11.939],[77.775,11.92],[77.826,11.911],[77.826,11.879],[77.816,11.844],[77.817,11.817]]]}},{"type":"Feature","properties":{"name":"Cauvery","r":7.0},"geometry":{"type":"MultiLineString","coordinates":[[[76.572,12.427],[76.602,12.42],[76.625,12.424],[76.658,12.44],[76.687,12.429],[76.708,12.425],[76.737,12.406],[76.779,12.4],[76.792,12.367],[76.883,12.256],[76.897,12.244],[76.914,12.226],[76.938,12.223],[77.016,12.238],[77.011,12.183],[77.046,12.172],[77.057,12.172],[77.062,12.187],[77.09,12.191],[77.115,12.199],[77.125,12.212],[77.12,12.229],[77.129,12.248],[77.165,12.273],[77.177,12.297],[77.196,12.317],[77.281,12.31],[77.346,12.283],[77.413,12.293],[77.449,12.259],[77.48,12.232],[77.483,12.208],[77.668,12.204],[77.725,12.185],[77.735,12.164],[77.729,12.079],[77.717,12.039],[77.675,11.971]],[[75.66,12.338],[75.718,12.305],[75.752,12.284],[75.767,12.29],[75.8,12.306],[75.805,12.315],[75.817,12.317],[75.826,12.311],[75.849,12.311],[75.87,12.321],[75.894,12.354],[75.921,12.434],[75.956,12.464],[75.964,12.509],[75.978,12.537],[76.023,12.588],[76.039,12.614],[76.109,12.603],[76.128,12.588],[76.174,12.574],[76.193,12.543],[76.223,12.53],[76.229,12.517],[76.239,12.517],[76.253,12.523],[76.28,12.512],[76.343,12.508],[76.376,12.492],[76.4,12.488],[76.403,12.516],[76.418,12.53]],[[77.817,11.817],[77.771,11.666],[77.75,11.636],[77.737,11.602],[77.739,11.577],[77.727,11.543],[77.73,11.522],[77.714,11.507],[77.707,11.491],[77.705,11.473],[77.69,11.42],[77.717,11.378],[77.748,11.36],[77.763,11.341],[77.775,11.314],[77.859,11.227],[77.863,11.173],[77.881,11.142],[77.884,11.108],[77.917,11.072],[77.994,11.09],[78.063,11.077],[78.104,11.07],[78.142,11.043],[78.183,10.969],[78.202,10.951],[78.222,10.957],[78.296,10.959],[78.401,10.953],[78.487,10.909],[78.542,10.905],[78.584,10.886],[78.628,10.885]],[[78.6,10.878],[78.683,10.844],[78.717,10.827],[78.862,10.826]],[[78.886,10.82],[78.92,10.842],[78.967,10.845],[79.024,10.861],[79.089,10.864],[79.132,10.879],[79.156,10.888],[79.18,10.908],[79.226,10.926],[79.434,10.94],[79.444,10.929],[79.461,10.919],[79.642,10.933],[79.658,10.91],[79.684,10.901],[79.768,10.903],[79.8,10.891],[79.822,10.9],[79.841,10.905]],[[78.886,10.82],[78.938,10.797],[78.98,10.806],[79.08,10.813],[79.145,10.796],[79.21,10.806],[79.3,10.809],[79.368,10.789],[79.43,10.724],[79.464,10.645],[79.48,10.578],[79.5,10.543],[79.495,10.491],[79.472,10.438],[79.485,10.388],[79.494,10.364],[79.529,10.338]],[[78.882,10.817],[78.886,10.82]]]}},{"type":"Feature","properties":{"name":"Chambal","r":7.0},"geometry":{"type":"MultiLineString","coordinates":[[[75.507,24.744],[75.51,24.767],[75.548,24.782],[75.592,24.81],[75.596,24.86],[75.577,24.91]],[[75.386,24.223],[75.368,24.253],[75.355,24.286],[75.365,24.321],[75.406,24.339],[75.455,24.386],[75.49,24.428],[75.52,24.454],[75.577,24.516],[75.597,24.566],[75.583,24.603],[75.581,24.648]]]}},{"type":"Feature","properties":{"name":"Chambal","r":7.0},"geometry":{"type":"MultiLineString","coordinates":[[[75.572,24.919],[75.574,24.971],[75.719,25.083],[75.733,25.122],[75.744,25.139],[75.766,25.149],[75.782,25.146],[75.807,25.155],[75.904,25.273],[75.931,25.284],[75.945,25.272],[75.964,25.24],[75.986,25.237],[76.018,25.266],[76.023,25.322],[76.058,25.345],[76.067,25.355],[76.076,25.356],[76.093,25.345],[76.119,25.35],[76.141,25.355],[76.131,25.373],[76.128,25.39],[76.178,25.498],[76.212,25.501],[76.228,25.507],[76.241,25.519],[76.271,25.529],[76.279,25.611],[76.293,25.641],[76.297,25.674],[76.285,25.708],[76.322,25.714],[76.363,25.757],[76.397,25.771],[76.446,25.793],[76.47,25.824],[76.469,25.844],[76.51,25.853],[76.559,25.854],[76.592,25.881],[76.621,25.885],[76.636,25.914],[76.652,25.923],[76.716,25.916],[76.74,25.923],[76.77,25.954],[76.788,25.96],[76.804,25.974],[76.808,25.997],[76.815,26.019],[76.887,26.064],[76.895,26.083],[76.908,26.099],[76.946,26.108],[76.969,26.129],[76.999,26.145],[77.01,26.166],[77.049,26.184],[77.076,26.185],[77.09,26.19],[77.097,26.215],[77.125,26.238],[77.181,26.237],[77.23,26.263],[77.266,26.284],[77.288,26.3],[77.301,26.324],[77.323,26.352],[77.35,26.365],[77.395,26.366],[77.415,26.365],[77.432,26.386],[77.442,26.413],[77.5,26.412],[77.526,26.426],[77.617,26.483],[77.646,26.491],[77.699,26.502],[77.727,26.516],[77.773,26.549],[77.831,26.576],[77.87,26.619],[77.886,26.634],[77.894,26.66],[77.914,26.666],[77.95,26.67],[78.004,26.694],[78.021,26.691],[78.038,26.682],[78.059,26.68],[78.085,26.689],[78.087,26.721],[78.099,26.741],[78.1,26.753],[78.093,26.78],[78.12,26.795],[78.165,26.792],[78.182,26.817],[78.219,26.824],[78.255,26.817],[78.272,26.845],[78.286,26.855],[78.351,26.859],[78.385,26.827],[78.419,26.825],[78.434,26.817],[78.446,26.8],[78.499,26.788],[78.563,26.759],[78.595,26.758],[78.607,26.771],[78.623,26.777],[78.655,26.776],[78.71,26.799],[78.734,26.785],[78.754,26.786],[78.762,26.765],[78.782,26.764],[78.812,26.748],[78.861,26.701],[78.905,26.708],[78.926,26.706],[78.938,26.687],[78.941,26.67],[78.985,26.674],[78.994,26.634],[79.073,26.556],[79.163,26.531],[79.196,26.509],[79.185,26.488],[79.196,26.475],[79.245,26.502]],[[75.581,24.648],[75.569,24.668],[75.507,24.744]],[[75.667,22.473],[75.65,22.478],[75.603,22.51],[75.584,22.523],[75.544,22.583],[75.51,22.603],[75.504,22.625],[75.507,22.644],[75.503,22.726],[75.469,22.812],[75.514,23.072],[75.525,23.097],[75.512,23.13],[75.508,23.186],[75.497,23.227],[75.461,23.269],[75.45,23.306],[75.401,23.371],[75.388,23.41],[75.393,23.456],[75.39,23.473],[75.355,23.544],[75.355,23.695],[75.328,23.726],[75.293,23.716],[75.272,23.756],[75.279,23.797],[75.335,23.795],[75.359,23.819],[75.373,23.851],[75.454,23.908],[75.469,23.955],[75.503,24.014],[75.517,24.059],[75.486,24.114],[75.462,24.134],[75.44,24.148],[75.414,24.199],[75.386,24.223]]]}},{"type":"Feature","properties":{"name":"Lancang","r":2.0},"geometry":{"type":"MultiLineString","coordinates":[[[96.941,31.966],[96.975,31.932],[96.995,31.914],[96.993,31.855],[97.016,31.834],[97.015,31.8],[97.018,31.767],[97.062,31.724],[97.081,31.695],[97.089,31.611],[97.103,31.598],[97.123,31.594],[97.136,31.569],[97.168,31.549],[97.188,31.522],[97.206,31.495],[97.195,31.463],[97.208,31.392],[97.219,31.371],[97.221,31.348],[97.212,31.328],[97.195,31.325],[97.161,31.289],[97.16,31.27],[97.174,31.231],[97.195,31.207],[97.198,31.185],[97.191,31.166],[97.198,31.085],[97.25,31.032],[97.289,31.019],[97.361,30.953],[97.372,30.933],[97.358,30.871],[97.357,30.794],[97.379,30.732],[97.427,30.677],[97.524,30.604],[97.558,30.582],[97.664,30.406],[97.679,30.395],[97.723,30.384],[97.81,30.3],[97.846,30.278],[97.863,30.27],[97.877,30.254],[97.885,30.235],[97.904,30.23],[97.948,30.189],[97.966,30.156],[97.98,30.137],[97.985,30.128],[97.997,30.127],[98.0,30.117],[98.005,30.063],[98.031,30.032],[98.052,29.997],[98.074,29.941],[98.104,29.906],[98.113,29.875],[98.139,29.841],[98.144,29.812],[98.21,29.804],[98.225,29.782],[98.339,29.639],[98.35,29.6],[98.343,29.566],[98.361,29.514],[98.404,29.445],[98.412,29.425],[98.435,29.408],[98.437,29.387],[98.431,29.365],[98.444,29.352],[98.479,29.327],[98.538,29.269],[98.569,29.223],[98.632,29.16],[98.61,29.103],[98.584,29.045],[98.593,29.008],[98.621,28.983],[98.634,28.944],[98.638,28.879],[98.654,28.855],[98.653,28.845],[98.653,28.826],[98.661,28.813],[98.678,28.757],[98.685,28.709],[98.775,28.572],[98.791,28.515],[98.812,28.484],[98.851,28.401],[98.864,28.336],[98.846,28.286],[98.845,28.25],[98.858,28.201],[98.907,28.129],[98.915,28.096],[98.898,28.034],[98.909,27.994],[98.999,27.67]]]}},{"type":"Feature","properties":{"name":"Ping","r":7.0},"geometry":{"type":"MultiLineString","coordinates":[[[98.896,17.387],[98.898,17.347],[98.932,17.249],[98.959,17.238]]]}},{"type":"Feature","properties":{"name":"Ping","r":7.0},"geometry":{"type":"MultiLineString","coordinates":[[[98.864,19.78],[98.893,19.753],[98.898,19.708],[98.916,19.68],[98.918,19.64],[98.923,19.616],[98.95,19.571],[98.959,19.538],[98.962,19.516],[98.97,19.505],[98.988,19.466],[98.994,19.398],[98.96,19.288],[98.976,19.254],[98.998,19.15],[98.977,19.099],[98.95,19.088],[98.977,18.67],[98.963,18.643],[98.959,18.583],[98.926,18.529],[98.794,18.453],[98.716,18.431],[98.708,18.413],[98.704,18.389],[98.691,18.366],[98.703,18.346],[98.702,18.333],[98.67,18.299],[98.658,18.292],[98.658,18.275],[98.641,18.227],[98.634,18.126],[98.619,18.126],[98.623,18.108],[98.624,18.099],[98.622,18.098],[98.606,18.088],[98.597,18.074],[98.618,18.062],[98.624,18.026],[98.604,18.019],[98.615,18.012],[98.629,18.001],[98.634,17.995],[98.645,18.005],[98.666,17.98],[98.673,17.957],[98.647,17.945],[98.641,17.923],[98.648,17.916],[98.65,17.901],[98.645,17.885],[98.651,17.882],[98.658,17.882],[98.695,17.8],[98.711,17.752],[98.745,17.698],[98.737,17.674],[98.705,17.664],[98.699,17.638],[98.7,17.61],[98.709,17.579],[98.713,17.495],[98.698,17.462],[98.7,17.43],[98.729,17.424],[98.782,17.464],[98.854,17.469],[98.9,17.431],[98.902,17.403],[98.896,17.387]],[[98.959,17.238],[98.974,17.238]]]}},{"type":"Feature","properties":{"name":"Yarlung","r":2.0},"geometry":{"type":"MultiLineString","coordinates":[[[87.66,29.152],[87.688,29.166],[87.668,29.218],[87.693,29.244],[87.718,29.258],[87.742,29.302],[87.818,29.348],[87.964,29.395],[88.041,29.388],[88.105,29.378],[88.149,29.34],[88.187,29.341],[88.205,29.357],[88.213,29.373],[88.234,29.378],[88.248,29.367],[88.271,29.365],[88.301,29.371],[88.318,29.352],[88.343,29.336],[88.403,29.33],[88.47,29.36],[88.558,29.353],[88.832,29.344],[88.852,29.334],[88.873,29.344],[88.946,29.352],[89.016,29.385],[89.047,29.354],[89.066,29.347],[89.133,29.344],[89.157,29.364],[89.187,29.361],[89.246,29.357],[89.275,29.375],[89.364,29.364],[89.431,29.348],[89.544,29.369],[89.661,29.371],[89.764,29.326],[89.928,29.34],[90.014,29.368],[90.138,29.36],[90.325,29.323],[90.397,29.289],[90.418,29.266],[90.427,29.253],[90.463,29.262],[90.582,29.285],[90.74,29.355],[90.765,29.296],[90.808,29.316],[90.839,29.34],[90.891,29.344],[90.938,29.321],[90.969,29.32],[90.99,29.331],[91.008,29.321],[91.038,29.316],[91.115,29.335],[91.139,29.318],[91.303,29.285],[91.357,29.294],[91.436,29.291],[91.511,29.304],[91.65,29.289],[91.671,29.288],[91.709,29.295],[91.783,29.291],[91.866,29.308],[91.923,29.302],[91.951,29.289],[91.957,29.286],[91.96,29.281],[91.963,29.273],[91.993,29.261],[92.025,29.268],[92.035,29.284],[92.048,29.296],[92.071,29.302],[92.146,29.303],[92.271,29.252],[92.357,29.237],[92.391,29.266],[92.422,29.269],[92.474,29.254],[92.488,29.224],[92.525,29.159],[92.546,29.155],[92.581,29.161],[92.584,29.142],[92.584,29.123],[92.602,29.121],[92.615,29.134],[92.664,29.14],[92.707,29.122],[92.721,29.103],[92.736,29.096],[92.889,29.093],[92.906,29.079],[92.928,29.064],[92.96,29.055],[93.02,29.057],[93.062,29.079],[93.089,29.118],[93.106,29.129],[93.122,29.116],[93.12,29.094],[93.124,29.076],[93.141,29.053],[93.149,29.038],[93.171,29.031],[93.197,29.031],[93.225,29.013],[93.283,29.004],[93.317,29.01],[93.348,29.03],[93.404,29.105],[93.419,29.122],[93.443,29.142],[93.475,29.186],[93.508,29.189],[93.59,29.184],[93.616,29.183],[93.626,29.177],[93.632,29.161],[93.687,29.17],[93.714,29.164],[93.731,29.156],[93.767,29.167],[93.792,29.168],[93.834,29.155],[93.865,29.159],[93.891,29.175],[93.905,29.192],[93.931,29.201],[93.988,29.21],[94.026,29.226],[94.079,29.228],[94.118,29.217],[94.161,29.215],[94.195,29.222]]]}},{"type":"Feature","properties":{"name":"Gh\u00e4ghara","r":7.0},"geometry":{"type":"MultiLineString","coordinates":[[[80.923,30.552],[80.961,30.543],[81.025,30.542],[81.046,30.515],[81.09,30.477],[81.104,30.4],[81.109,30.383],[81.122,30.36],[81.154,30.333],[81.177,30.302],[81.184,30.24],[81.207,30.218],[81.247,30.197],[81.285,30.168],[81.326,30.156],[81.372,30.159],[81.441,30.175],[81.48,30.154],[81.526,30.085],[81.564,30.066],[81.636,30.045],[81.729,30.045],[81.759,30.018],[81.78,29.977],[81.835,29.951],[81.86,29.927],[81.857,29.91],[81.857,29.889],[81.875,29.85],[81.876,29.839],[81.871,29.831],[81.865,29.819],[81.863,29.807],[81.889,29.803],[81.907,29.788],[81.916,29.779],[81.993,29.764],[82.012,29.753],[82.013,29.733],[81.986,29.704],[81.879,29.656],[81.859,29.626],[81.807,29.623],[81.777,29.613],[81.783,29.602],[81.788,29.571],[81.781,29.534],[81.725,29.498],[81.708,29.468],[81.705,29.425],[81.719,29.383],[81.743,29.312],[81.691,29.256],[81.623,29.227],[81.613,29.215],[81.606,29.182],[81.54,29.119],[81.468,29.079],[81.41,29.024],[81.415,28.981],[81.441,28.956],[81.528,28.853],[81.548,28.808],[81.569,28.781],[81.548,28.756],[81.523,28.749],[81.513,28.756],[81.524,28.771],[81.516,28.808],[81.458,28.881],[81.426,28.904],[81.328,28.897],[81.294,28.915],[81.208,28.908],[81.136,28.949],[81.074,28.974],[81.035,28.972],[80.997,28.947],[81.041,28.89],[81.095,28.854],[81.122,28.864],[81.148,28.856],[81.17,28.832],[81.207,28.824],[81.19,28.859],[81.218,28.841],[81.233,28.793],[81.277,28.697],[81.278,28.658],[81.264,28.586],[81.229,28.465],[81.2,28.381],[81.198,28.352],[81.198,28.339],[81.172,28.317],[81.149,28.322],[81.099,28.339],[81.085,28.311],[81.067,28.27],[81.067,28.245],[81.127,28.172],[81.132,28.123],[81.146,28.106],[81.171,28.095],[81.184,28.071],[81.163,28.056],[81.156,28.027],[81.214,28.0],[81.23,27.96],[81.253,27.942],[81.289,27.933],[81.3,27.904],[81.278,27.889],[81.275,27.868],[81.286,27.846],[81.28,27.83],[81.273,27.821],[81.281,27.783],[81.268,27.74],[81.252,27.715],[81.293,27.687],[81.314,27.643],[81.299,27.582],[81.307,27.539],[81.345,27.479],[81.355,27.446],[81.389,27.421],[81.403,27.394],[81.404,27.328],[81.435,27.298],[81.458,27.256],[81.434,27.23],[81.435,27.211],[81.458,27.184],[81.45,27.153],[81.458,27.125],[81.479,27.099],[81.476,27.082],[81.482,27.067],[81.524,27.06],[81.568,27.064],[81.697,26.961],[81.725,26.941],[81.733,26.918],[81.787,26.897],[81.793,26.874],[81.808,26.858],[81.844,26.808],[81.914,26.803],[81.935,26.793],[81.969,26.789],[82.013,26.811],[82.077,26.846],[82.094,26.853],[82.187,26.819],[82.23,26.816],[82.24,26.791],[82.225,26.77],[82.28,26.744],[82.325,26.717],[82.332,26.703],[82.393,26.656],[82.435,26.65],[82.476,26.659],[82.572,26.614],[82.633,26.615],[82.664,26.605],[82.689,26.572],[82.73,26.557],[82.769,26.571],[82.814,26.578],[82.921,26.523],[83.013,26.47],[83.062,26.41],[83.111,26.389],[83.171,26.386],[83.23,26.376],[83.252,26.362],[83.359,26.328],[83.466,26.263],[83.496,26.274],[83.52,26.276],[83.551,26.269],[83.741,26.263],[83.827,26.201],[83.862,26.185],[83.897,26.125],[83.988,26.118],[84.001,26.115],[84.055,26.091],[84.084,26.092],[84.108,26.087],[84.141,26.071],[84.16,26.055],[84.176,26.023],[84.196,26.02],[84.211,26.007],[84.226,25.964],[84.244,25.944],[84.28,25.927],[84.333,25.939],[84.374,25.94],[84.396,25.924],[84.412,25.896],[84.457,25.87],[84.502,25.868],[84.532,25.862],[84.611,25.792],[84.631,25.745],[84.658,25.728],[84.701,25.742]]]}},{"type":"Feature","properties":{"name":"Chindwin","r":7.0},"geometry":{"type":"MultiLineString","coordinates":[[[96.903,25.632],[96.894,25.675],[96.88,25.692],[96.88,25.713],[96.897,25.732],[96.901,25.814],[96.918,25.852],[96.972,25.935],[96.987,25.951],[97.017,26.012],[97.013,26.05],[97.035,26.074],[97.061,26.14],[97.053,26.191],[96.993,26.241],[96.953,26.298],[96.94,26.305],[96.916,26.306],[96.912,26.315],[96.858,26.33],[96.845,26.346],[96.82,26.373],[96.794,26.375],[96.773,26.364],[96.745,26.384],[96.733,26.385],[96.71,26.373],[96.686,26.377],[96.661,26.393],[96.624,26.396],[96.58,26.414],[96.541,26.45],[96.487,26.51],[96.444,26.506],[96.414,26.509],[96.406,26.52],[96.417,26.54],[96.405,26.55],[96.383,26.544],[96.361,26.548],[96.338,26.581],[96.325,26.585],[96.286,26.583],[96.303,26.617],[96.287,26.647],[96.271,26.634],[96.263,26.615],[96.251,26.588],[96.248,26.54],[96.246,26.482],[96.242,26.491],[96.239,26.502],[96.231,26.42],[96.205,26.359],[96.168,26.361],[96.151,26.352],[96.142,26.329],[96.157,26.321],[96.186,26.3],[96.157,26.283],[96.091,26.29],[96.052,26.276],[96.041,26.266],[96.02,26.212],[95.993,26.18],[95.939,26.145],[95.91,26.099],[95.891,26.087],[95.881,26.065],[95.88,26.026],[95.84,26.014],[95.808,26.069],[95.775,26.037],[95.746,26.023],[95.719,26.031],[95.704,26.016],[95.704,25.981],[95.675,26.02],[95.642,26.0],[95.64,25.967],[95.623,25.948],[95.598,25.947],[95.589,25.924],[95.596,25.899],[95.575,25.885],[95.581,25.869],[95.564,25.837],[95.53,25.824],[95.52,25.807],[95.516,25.785],[95.437,25.732],[95.423,25.696],[95.417,25.659],[95.44,25.629],[95.444,25.608],[95.425,25.564],[95.421,25.544],[95.405,25.54],[95.382,25.525],[95.383,25.464],[95.37,25.402],[95.346,25.377],[95.287,25.355],[95.284,25.322],[95.223,25.288],[95.2,25.254],[95.153,25.259],[95.121,25.244],[95.101,25.224],[95.074,25.216],[95.066,25.169],[95.051,25.14],[95.04,25.132],[95.043,25.119],[95.043,25.102],[95.03,25.086],[94.987,25.061],[94.972,24.981],[94.934,24.965],[94.907,24.926],[94.882,24.908],[94.863,24.892],[94.876,24.878],[94.936,24.844],[94.924,24.818],[94.906,24.811],[94.879,24.806],[94.879,24.786],[94.846,24.759],[94.738,24.727],[94.698,24.65],[94.684,24.57],[94.703,24.544],[94.732,24.523],[94.723,24.495],[94.729,24.457],[94.715,24.425],[94.76,24.419],[94.793,24.362],[94.811,24.341],[94.827,24.308],[94.807,24.275],[94.734,24.272],[94.699,24.254],[94.69,24.238],[94.686,24.176],[94.645,24.151],[94.626,24.18],[94.591,24.172],[94.6,24.139],[94.612,24.129],[94.613,24.11],[94.601,24.086],[94.605,24.059],[94.582,24.052],[94.553,24.028],[94.624,23.961],[94.61,23.921],[94.573,23.907],[94.529,23.9],[94.509,23.888],[94.514,23.866],[94.542,23.838],[94.54,23.823],[94.51,23.803],[94.497,23.788],[94.434,23.735],[94.421,23.712],[94.419,23.674],[94.431,23.562],[94.421,23.527],[94.39,23.499],[94.382,23.484],[94.357,23.472],[94.338,23.452],[94.322,23.409],[94.324,23.385],[94.342,23.346],[94.344,23.332],[94.37,23.314],[94.335,23.194],[94.365,23.097],[94.406,23.079],[94.437,23.049],[94.434,23.012],[94.396,22.987],[94.385,22.997],[94.369,23.0],[94.366,22.979],[94.407,22.943],[94.475,22.944],[94.512,22.923],[94.528,22.888],[94.575,22.886],[94.6,22.893],[94.615,22.905],[94.631,22.904],[94.661,22.911],[94.663,22.948],[94.678,22.983],[94.728,22.98],[94.745,22.946],[94.744,22.916],[94.738,22.907],[94.758,22.886],[94.759,22.868],[94.752,22.851],[94.703,22.811],[94.729,22.726],[94.764,22.715],[94.78,22.679],[94.761,22.621],[94.807,22.541],[94.819,22.47],[94.846,22.456],[94.91,22.418],[94.92,22.403],[94.976,22.397],[94.988,22.386],[94.995,22.352],[95.02,22.329],[95.041,22.268],[95.065,22.231],[95.081,22.178],[95.135,22.073],[95.13,21.99],[95.131,21.926],[95.152,21.823],[95.189,21.78],[95.218,21.733],[95.243,21.712],[95.246,21.675],[95.269,21.622],[95.271,21.579],[95.259,21.527]]]}},{"type":"Feature","properties":{"name":"Sapt","r":7.0},"geometry":{"type":"MultiLineString","coordinates":[[[85.755,28.552],[85.727,28.633],[85.763,28.674],[85.813,28.679],[85.856,28.67],[85.906,28.675],[86.011,28.652],[86.077,28.654],[86.122,28.675],[86.14,28.733],[86.156,28.753],[86.195,28.77],[86.213,28.791],[86.262,28.808],[86.354,28.798],[86.399,28.777],[86.419,28.736],[86.427,28.67],[86.471,28.62],[86.52,28.605],[86.58,28.627],[86.65,28.625],[86.654,28.616],[86.751,28.606],[86.78,28.618],[86.805,28.619],[86.837,28.606],[86.882,28.611],[86.923,28.602],[86.98,28.598],[87.008,28.593],[87.066,28.6],[87.118,28.62],[87.222,28.614],[87.324,28.6],[87.393,28.57],[87.464,28.507],[87.512,28.5],[87.557,28.475],[87.605,28.441],[87.563,28.407],[87.465,28.332],[87.455,28.282],[87.432,28.268],[87.358,28.264],[87.333,28.199],[87.334,28.173],[87.345,28.154],[87.344,28.121],[87.37,28.09],[87.378,28.058],[87.372,28.044],[87.375,28.031],[87.386,28.013],[87.374,27.978],[87.374,27.959],[87.386,27.941],[87.373,27.919],[87.378,27.904],[87.413,27.873],[87.419,27.831],[87.444,27.792],[87.424,27.764],[87.368,27.755],[87.358,27.736],[87.372,27.69],[87.331,27.599],[87.281,27.578],[87.215,27.537],[87.204,27.513],[87.167,27.49],[87.14,27.456],[87.149,27.414],[87.188,27.372],[87.194,27.324],[87.214,27.248],[87.247,27.224],[87.276,27.153],[87.217,27.098],[87.197,27.082],[87.195,27.056],[87.201,27.027],[87.188,27.002],[87.167,26.982],[87.175,26.903],[87.166,26.876],[87.16,26.848],[87.14,26.826],[87.042,26.744],[87.004,26.723],[86.967,26.617],[86.964,26.595],[86.969,26.577],[86.968,26.557],[86.938,26.528],[86.931,26.504],[86.864,26.461],[86.738,26.366],[86.691,26.345],[86.665,26.329],[86.637,26.318],[86.626,26.295],[86.549,26.206],[86.539,26.169],[86.462,26.091],[86.435,26.025],[86.419,25.967],[86.435,25.949],[86.439,25.93],[86.436,25.908],[86.453,25.874],[86.429,25.833],[86.422,25.795],[86.444,25.779],[86.458,25.757],[86.467,25.721],[86.524,25.674],[86.592,25.63],[86.66,25.626],[86.68,25.591],[86.718,25.553],[86.729,25.528],[86.76,25.519],[86.773,25.493],[86.797,25.474],[86.822,25.464],[86.853,25.462],[86.868,25.475],[86.881,25.47],[86.895,25.47],[86.916,25.481],[86.974,25.467],[87.023,25.432],[87.054,25.429],[87.187,25.461],[87.26,25.434],[87.32,25.453],[87.474,25.425],[87.516,25.411],[87.545,25.394],[87.557,25.385],[87.582,25.372],[87.614,25.364],[87.643,25.324],[87.707,25.3],[87.758,25.244]]]}},{"type":"Feature","properties":{"name":"Dihang","r":2.0},"geometry":{"type":"MultiLineString","coordinates":[[[94.356,29.31],[94.425,29.362],[94.463,29.412],[94.502,29.439],[94.552,29.455],[94.582,29.482],[94.628,29.49],[94.664,29.486],[94.681,29.475],[94.731,29.47],[94.78,29.485],[94.807,29.486],[94.836,29.511],[94.862,29.528],[94.924,29.61],[94.913,29.627],[94.89,29.646],[94.911,29.684],[94.892,29.697],[94.955,29.757],[94.996,29.764],[95.085,29.764],[95.116,29.759],[95.127,29.774],[95.118,29.79],[95.094,29.807],[95.108,29.858],[95.129,29.88],[95.175,29.894],[95.207,29.874],[95.245,29.866],[95.286,29.867],[95.304,29.857],[95.308,29.844],[95.302,29.831],[95.287,29.822],[95.288,29.811],[95.369,29.784],[95.386,29.744],[95.38,29.717],[95.391,29.701],[95.396,29.688],[95.393,29.657],[95.389,29.607],[95.393,29.58],[95.406,29.558],[95.426,29.537],[95.429,29.506],[95.437,29.486],[95.437,29.464],[95.316,29.337],[95.255,29.288],[95.215,29.282],[95.155,29.252],[95.101,29.212],[95.054,29.188],[95.044,29.177],[95.032,29.173],[95.011,29.174],[95.0,29.16],[95.003,29.139],[94.97,29.111],[94.917,29.059],[94.905,29.041],[94.907,29.032],[94.905,29.021],[94.87,28.998],[94.857,28.985],[94.838,28.956],[94.817,28.943],[94.796,28.939],[94.783,28.924],[94.779,28.875],[94.775,28.846],[94.785,28.833],[94.793,28.824],[94.915,28.821],[94.924,28.806],[94.919,28.802],[94.914,28.796],[94.912,28.79],[94.917,28.763],[94.927,28.743],[94.965,28.721],[94.978,28.705],[94.977,28.683],[94.99,28.675],[94.999,28.682],[95.032,28.616],[95.098,28.539],[95.099,28.488],[95.09,28.456],[95.092,28.406],[95.0,28.309],[94.989,28.259],[94.993,28.243],[95.01,28.226],[95.025,28.202],[95.037,28.172],[95.066,28.156],[95.13,28.148],[95.16,28.155],[95.183,28.171],[95.2,28.178],[95.227,28.177],[95.255,28.168],[95.276,28.155],[95.285,28.142],[95.293,28.115],[95.316,28.089],[95.355,28.071],[95.384,28.063],[95.397,28.045],[95.396,28.003]]]}},{"type":"Feature","properties":{"name":"Mamas","r":7.0},"geometry":{"type":"MultiLineString","coordinates":[[[91.777,28.292],[91.778,28.084],[91.797,28.013],[91.808,27.991],[91.826,27.968],[91.829,27.95],[91.82,27.91],[91.8,27.872],[91.758,27.822],[91.741,27.78],[91.753,27.726],[91.747,27.702],[91.733,27.684],[91.725,27.654],[91.691,27.568],[91.673,27.496],[91.625,27.47],[91.58,27.433],[91.558,27.399],[91.559,27.37],[91.529,27.322],[91.392,27.243],[91.382,27.175],[91.369,27.129],[91.345,27.088],[91.258,27.046],[91.22,27.013],[91.173,26.906],[91.145,26.884],[90.975,26.866],[90.958,26.788],[90.952,26.784],[90.937,26.778],[90.92,26.754],[90.907,26.705],[90.911,26.64],[90.882,26.595],[90.853,26.501],[90.841,26.483],[90.841,26.459],[90.856,26.43],[90.855,26.418],[90.84,26.409],[90.809,26.361],[90.799,26.331],[90.777,26.321],[90.74,26.312],[90.731,26.275],[90.712,26.259],[90.668,26.248],[90.656,26.236],[90.656,26.208],[90.649,26.193]]]}},{"type":"Feature","properties":{"name":"Buh","r":7.0},"geometry":{"type":"MultiLineString","coordinates":[[[98.679,37.494],[98.691,37.461],[98.726,37.435],[98.751,37.411],[98.795,37.398]]]}},{"type":"Feature","properties":{"name":"Brahmaputra","r":2.0},"geometry":{"type":"MultiLineString","coordinates":[[[95.396,28.003],[95.419,27.942],[95.462,27.897],[95.459,27.844],[95.417,27.825],[95.383,27.794],[95.338,27.777],[95.293,27.743],[95.218,27.725],[95.108,27.697],[95.091,27.679],[95.081,27.64],[95.104,27.667],[95.136,27.688],[95.148,27.664],[95.139,27.63],[95.025,27.607],[94.955,27.575],[94.933,27.57],[94.917,27.572],[94.881,27.529],[94.868,27.503],[94.831,27.503],[94.762,27.458],[94.769,27.435],[94.721,27.397],[94.667,27.364],[94.655,27.349],[94.67,27.339],[94.666,27.331],[94.663,27.324],[94.632,27.316],[94.615,27.277],[94.635,27.299],[94.663,27.311],[94.684,27.295],[94.663,27.27],[94.654,27.272],[94.632,27.261],[94.615,27.249],[94.601,27.194],[94.588,27.208],[94.588,27.229],[94.565,27.197],[94.566,27.14],[94.555,27.101],[94.519,27.106],[94.471,27.07],[94.448,27.059],[94.444,27.027],[94.432,27.008],[94.406,26.985],[94.389,26.976],[94.351,26.965],[94.308,26.928],[94.265,26.919],[94.197,26.924],[94.174,26.907],[94.165,26.897],[94.148,26.869],[94.144,26.862],[94.121,26.855],[94.115,26.858],[94.119,26.883],[94.113,26.912],[94.076,26.887],[94.044,26.876],[93.991,26.852],[93.927,26.832],[93.878,26.779],[93.841,26.756],[93.752,26.732],[93.636,26.718],[93.599,26.734],[93.568,26.752],[93.463,26.767],[93.416,26.762],[93.407,26.756],[93.368,26.718],[93.346,26.723],[93.313,26.74],[93.287,26.741],[93.248,26.724],[93.142,26.655],[93.104,26.65],[93.063,26.655],[92.898,26.654],[92.881,26.644],[92.875,26.626],[92.834,26.608],[92.711,26.611],[92.657,26.591],[92.645,26.569],[92.615,26.523],[92.508,26.516],[92.43,26.535],[92.391,26.533],[92.325,26.508],[92.302,26.492],[92.255,26.475],[92.245,26.472],[92.237,26.464],[92.232,26.453],[92.23,26.441],[92.203,26.455],[92.124,26.403],[92.076,26.38],[92.063,26.359],[92.066,26.31],[92.041,26.297],[92.008,26.29],[91.971,26.272],[91.934,26.27],[91.916,26.263],[91.903,26.246],[91.891,26.239],[91.878,26.235],[91.854,26.24],[91.692,26.172],[91.619,26.171],[91.595,26.167],[91.529,26.141],[91.391,26.17],[91.36,26.172],[91.316,26.162],[91.288,26.166],[91.25,26.183],[91.136,26.214],[91.062,26.187],[90.964,26.174],[90.903,26.143],[90.869,26.131],[90.84,26.132],[90.825,26.139],[90.807,26.154],[90.752,26.16],[90.728,26.168],[90.682,26.19],[90.507,26.229],[90.474,26.225],[90.434,26.178],[90.403,26.161],[90.346,26.148],[90.294,26.12],[90.226,26.106],[90.177,26.077],[90.045,26.034],[89.954,26.011],[89.904,25.942],[89.859,25.902],[89.836,25.871],[89.745,25.709],[89.723,25.631],[89.698,25.573],[89.707,25.506],[89.698,25.439],[89.697,25.399],[89.675,25.349],[89.678,25.305],[89.701,25.266],[89.697,25.22],[89.663,25.173],[89.65,25.131],[89.613,24.96],[89.614,24.937],[89.624,24.916],[89.658,24.87],[89.671,24.803],[89.679,24.781],[89.716,24.726],[89.76,24.587],[89.769,24.531],[89.759,24.48],[89.749,24.371],[89.755,24.322],[89.751,24.268],[89.735,24.233],[89.735,24.216],[89.743,24.193],[89.74,24.157],[89.74,24.123],[89.702,24.036],[89.696,23.997],[89.726,23.884],[89.786,23.797],[89.843,23.756],[89.909,23.674],[89.934,23.66],[89.985,23.644],[90.17,23.52],[90.213,23.495],[90.235,23.474]],[[89.755,24.274],[89.758,24.272],[89.766,24.264],[89.804,24.23],[89.808,24.221],[89.826,24.195],[89.828,24.177],[89.832,24.166],[89.826,24.138],[89.884,24.131],[89.913,24.087],[89.931,24.085],[89.936,24.072],[89.961,24.04],[89.996,24.035],[90.039,24.031],[90.045,24.022],[90.084,24.013],[90.103,23.968],[90.147,23.939],[90.151,23.933],[90.16,23.926],[90.169,23.933],[90.195,23.926],[90.212,23.916],[90.238,23.88],[90.25,23.836],[90.223,23.757],[90.257,23.728],[90.291,23.75],[90.315,23.751],[90.36,23.706],[90.405,23.694],[90.467,23.644],[90.457,23.626],[90.476,23.583]]]}},{"type":"Feature","properties":{"name":"Bhima","r":7.0},"geometry":{"type":"MultiLineString","coordinates":[[[73.694,19.005],[73.781,18.952],[73.886,18.834],[73.9,18.8],[73.926,18.782],[73.937,18.762],[73.947,18.731],[73.987,18.717],[73.988,18.683],[74.064,18.639],[74.136,18.605],[74.246,18.665],[74.274,18.665],[74.269,18.646],[74.281,18.635],[74.301,18.632],[74.316,18.595],[74.342,18.573],[74.407,18.573],[74.448,18.535],[74.472,18.546],[74.503,18.512],[74.503,18.504],[74.506,18.498],[74.521,18.505],[74.547,18.504],[74.557,18.495],[74.61,18.465],[74.667,18.471],[74.669,18.497],[74.709,18.504],[74.713,18.433],[74.739,18.396],[74.778,18.401],[74.798,18.387],[74.808,18.351],[74.83,18.344],[74.845,18.328],[74.828,18.301],[74.797,18.292],[74.826,18.265],[74.855,18.254],[74.901,18.259],[74.929,18.258],[74.969,18.247],[74.985,18.238],[74.998,18.246],[75.015,18.251],[75.003,18.213],[75.033,18.197],[75.073,18.214],[75.099,18.197],[75.084,18.169],[75.084,18.132],[75.116,18.116],[75.154,18.115],[75.132,18.082],[75.088,18.063],[75.061,18.029],[75.03,18.005],[75.017,17.978],[75.047,17.964],[75.063,17.981],[75.078,17.988],[75.112,18.005],[75.175,17.958],[75.173,17.936],[75.132,17.905],[75.139,17.875],[75.184,17.881],[75.196,17.872],[75.199,17.858],[75.188,17.84],[75.167,17.827],[75.161,17.814],[75.163,17.787],[75.177,17.779],[75.189,17.768],[75.246,17.765],[75.281,17.75],[75.312,17.706],[75.362,17.68],[75.378,17.694],[75.408,17.69],[75.448,17.711],[75.457,17.657],[75.488,17.648],[75.515,17.646],[75.513,17.635],[75.511,17.628],[75.503,17.618],[75.512,17.607],[75.525,17.601],[75.536,17.601],[75.544,17.597],[75.546,17.586],[75.57,17.558],[75.584,17.553],[75.603,17.56],[75.607,17.544],[75.624,17.539],[75.643,17.544],[75.637,17.521],[75.624,17.484],[75.66,17.467],[75.678,17.425],[75.73,17.418],[75.753,17.406],[75.763,17.385],[75.784,17.375],[75.816,17.406],[75.845,17.402],[75.878,17.412],[75.891,17.379],[75.898,17.352],[75.92,17.342],[75.937,17.326],[75.963,17.343],[76.01,17.354],[76.046,17.344],[76.063,17.324],[76.067,17.312],[76.083,17.293],[76.08,17.274],[76.082,17.257],[76.137,17.234],[76.171,17.197],[76.227,17.17],[76.284,17.176],[76.312,17.168],[76.336,17.179],[76.351,17.171],[76.365,17.148],[76.387,17.148],[76.384,17.135],[76.37,17.131],[76.366,17.113],[76.387,17.093],[76.381,17.083],[76.38,17.066],[76.416,17.093],[76.425,17.118],[76.448,17.14],[76.47,17.15],[76.494,17.152],[76.516,17.167],[76.536,17.172],[76.559,17.182],[76.564,17.165],[76.542,17.131],[76.51,17.106],[76.526,17.092],[76.57,17.084],[76.568,17.065],[76.592,17.062],[76.608,17.082],[76.658,17.087],[76.675,17.068],[76.69,17.078],[76.735,17.152],[76.765,17.134],[76.764,17.102],[76.771,17.082],[76.814,17.04],[76.83,17.041],[76.853,17.06],[76.88,17.046],[76.9,17.046],[76.91,17.018],[76.92,17.001],[76.93,16.992],[76.922,16.956],[76.924,16.936],[76.921,16.889],[76.894,16.84],[76.94,16.832],[76.975,16.811],[77.024,16.791],[77.063,16.754],[77.121,16.74],[77.141,16.709],[77.131,16.648],[77.164,16.638],[77.167,16.577],[77.198,16.518],[77.208,16.506],[77.214,16.5],[77.244,16.465],[77.257,16.459],[77.257,16.449]]]}},{"type":"Feature","properties":{"name":"Tista","r":7.0},"geometry":{"type":"MultiLineString","coordinates":[[[88.592,27.695],[88.607,27.663],[88.618,27.648],[88.64,27.633],[88.667,27.589],[88.659,27.556],[88.612,27.544],[88.584,27.531],[88.544,27.524],[88.528,27.488],[88.523,27.442],[88.522,27.407],[88.503,27.378],[88.494,27.368],[88.486,27.349],[88.482,27.324],[88.465,27.325],[88.459,27.32],[88.451,27.296],[88.448,27.282],[88.44,27.27],[88.462,27.246],[88.486,27.24],[88.501,27.221],[88.511,27.184],[88.533,27.154],[88.478,27.112],[88.466,27.095],[88.444,27.078],[88.449,27.013],[88.44,26.989],[88.448,26.982],[88.46,26.927],[88.612,26.749],[88.664,26.664],[88.739,26.595],[88.763,26.536],[88.757,26.508],[88.759,26.493],[88.77,26.471],[88.891,26.342],[89.054,26.165],[89.093,26.138],[89.145,26.035],[89.161,25.969],[89.22,25.927],[89.238,25.912],[89.296,25.856],[89.307,25.838],[89.329,25.829],[89.371,25.824],[89.4,25.814],[89.468,25.773],[89.489,25.738],[89.503,25.72],[89.518,25.706],[89.538,25.674],[89.539,25.664],[89.534,25.642],[89.537,25.626],[89.552,25.574],[89.564,25.553],[89.576,25.542],[89.637,25.534],[89.661,25.526],[89.667,25.512],[89.665,25.487],[89.669,25.468],[89.678,25.452],[89.696,25.434],[89.697,25.433]]]}},{"type":"Feature","properties":{"name":"Yalong","r":7.0},"geometry":{"type":"MultiLineString","coordinates":[[[97.617,34.064],[97.591,34.034],[97.328,33.932],[97.236,33.842],[97.216,33.832],[97.182,33.824],[97.165,33.814],[97.157,33.797],[97.172,33.759],[97.224,33.538],[97.244,33.509],[97.248,33.475],[97.276,33.445],[97.344,33.361],[97.397,33.353],[97.432,33.341],[97.519,33.37],[97.61,33.376],[97.695,33.362],[97.749,33.4],[97.801,33.402],[97.876,33.343],[97.899,33.304],[97.904,33.273],[97.951,33.229],[98.046,33.215],[98.06,33.205],[98.071,33.188],[98.116,33.18],[98.173,33.158],[98.202,33.128],[98.238,33.116],[98.337,33.015],[98.392,32.905],[98.521,32.868],[98.593,32.841],[98.612,32.859],[98.627,32.886],[98.665,32.883],[98.766,32.834],[98.788,32.825],[98.817,32.818],[98.824,32.797],[98.852,32.759],[98.878,32.755],[98.905,32.766],[98.926,32.755],[98.954,32.755],[98.994,32.766],[98.967,32.367],[98.938,32.361],[98.935,32.339],[98.977,32.306]]]}},{"type":"Feature","properties":{"name":null,"r":7.0},"geometry":{"type":"MultiLineString","coordinates":[[[80.941,31.392],[80.9,31.382],[80.852,31.386],[80.821,31.375],[80.787,31.38],[80.724,31.388],[80.656,31.462],[80.62,31.474],[80.53,31.467],[80.452,31.486],[80.405,31.559],[80.396,31.604],[80.375,31.635],[80.341,31.663],[80.307,31.727],[80.293,31.77],[80.216,31.853],[80.175,31.89],[80.132,31.996],[80.051,32.132],[79.981,32.194],[79.93,32.248],[79.917,32.287],[79.811,32.394],[79.746,32.42],[79.701,32.45],[79.69,32.468],[79.688,32.493]]]}},{"type":"Feature","properties":{"name":"Sittong","r":7.0},"geometry":{"type":"MultiLineString","coordinates":[[[95.787,20.218],[95.831,20.193],[95.872,20.194],[95.931,20.205],[96.01,20.177],[96.02,20.17],[96.037,20.164],[96.101,20.162],[96.142,20.146],[96.167,20.125],[96.181,20.105],[96.209,20.097],[96.241,20.069],[96.239,19.944],[96.239,19.862],[96.226,19.828],[96.247,19.766],[96.294,19.711],[96.293,19.669],[96.301,19.629],[96.283,19.595],[96.291,19.499],[96.28,19.478],[96.28,19.452],[96.302,19.38],[96.321,19.351],[96.311,19.338],[96.31,19.324],[96.325,19.299],[96.346,19.282],[96.411,19.197],[96.431,19.159],[96.438,19.15],[96.432,19.139],[96.424,19.136],[96.426,19.109],[96.435,19.11],[96.442,19.089],[96.452,19.033],[96.46,18.952],[96.469,18.937],[96.48,18.925],[96.499,18.876],[96.483,18.848],[96.449,18.833],[96.458,18.763],[96.457,18.732],[96.452,18.714],[96.463,18.68],[96.505,18.621],[96.558,18.585],[96.594,18.543],[96.608,18.517],[96.613,18.509],[96.602,18.498],[96.63,18.471],[96.637,18.437],[96.672,18.368],[96.674,18.355],[96.671,18.338],[96.685,18.319],[96.68,18.309],[96.682,18.259],[96.705,18.182],[96.726,18.171],[96.743,18.173],[96.739,18.151],[96.743,18.138],[96.757,18.134],[96.757,18.123],[96.748,18.117],[96.756,18.077],[96.781,18.053],[96.804,18.054],[96.809,18.015],[96.822,17.998],[96.808,17.992],[96.828,17.976],[96.835,17.944],[96.854,17.939],[96.863,17.923],[96.863,17.882],[96.887,17.775],[96.89,17.754],[96.883,17.724],[96.881,17.711],[96.886,17.696],[96.897,17.688],[96.903,17.673],[96.884,17.57]]]}},{"type":"Feature","properties":{"name":"Mahi","r":7.0},"geometry":{"type":"MultiLineString","coordinates":[[[72.907,22.279],[72.94,22.286],[72.989,22.262],[73.025,22.288],[73.045,22.324],[73.053,22.388],[73.105,22.51],[73.128,22.532],[73.156,22.582],[73.205,22.615],[73.245,22.663],[73.245,22.736],[73.252,22.778],[73.313,22.789],[73.359,22.816],[73.377,22.845],[73.369,22.876],[73.374,22.906],[73.417,22.948],[73.428,22.987],[73.428,23.025],[73.445,23.036],[73.465,23.039],[73.536,23.099],[73.594,23.197],[73.655,23.214],[73.673,23.247],[73.692,23.26],[73.775,23.265],[73.81,23.281],[73.851,23.33],[73.893,23.332],[73.931,23.348],[73.998,23.429],[73.999,23.45],[74.01,23.491],[74.073,23.589],[74.104,23.619],[74.118,23.668],[74.117,23.734],[74.173,23.794],[74.257,23.824],[74.352,23.889],[74.471,23.913],[74.491,23.881],[74.511,23.878],[74.519,23.866],[74.518,23.844],[74.548,23.801],[74.55,23.757],[74.525,23.705],[74.519,23.658],[74.524,23.635],[74.537,23.623],[74.547,23.588],[74.545,23.562],[74.527,23.539],[74.568,23.477],[74.62,23.393],[74.698,23.349],[74.712,23.336],[74.713,23.323],[74.72,23.314],[74.746,23.3],[74.756,23.292],[74.743,23.281],[74.736,23.274],[74.745,23.255],[74.763,23.236],[74.777,23.232],[74.776,23.211],[74.781,23.175],[74.795,23.147],[74.828,23.131],[74.884,23.134],[74.923,23.152],[74.954,23.144],[75.005,23.102],[75.008,22.924],[74.967,22.832],[74.959,22.795]]]}},{"type":"Feature","properties":{"name":"Tapi","r":7.0},"geometry":{"type":"MultiLineString","coordinates":[[[78.131,21.701],[77.997,21.684],[77.924,21.725],[77.811,21.728],[77.808,21.76],[77.778,21.811],[77.395,21.808],[77.312,21.808],[77.302,21.787],[77.24,21.763],[77.22,21.747],[77.197,21.734],[77.115,21.724],[77.029,21.694],[76.9,21.613],[76.814,21.6],[76.788,21.547],[76.726,21.48],[76.634,21.44],[76.528,21.453],[76.388,21.422],[76.235,21.298],[76.162,21.248],[76.1,21.188],[76.067,21.161],[76.057,21.14],[75.936,21.076],[75.8,21.059],[75.718,21.082],[75.665,21.104],[75.44,21.17],[75.37,21.17],[75.303,21.148],[75.225,21.153],[75.188,21.174],[75.122,21.166],[75.014,21.186],[74.956,21.22],[74.942,21.232],[74.924,21.254],[74.851,21.274],[74.807,21.298],[74.762,21.36],[74.695,21.389],[74.681,21.4],[74.384,21.456],[74.331,21.507],[74.292,21.517],[74.227,21.51],[74.16,21.516],[73.941,21.474],[73.885,21.452],[73.848,21.425],[73.79,21.357],[73.713,21.311],[73.705,21.28],[73.71,21.264],[73.692,21.247],[73.627,21.249],[73.388,21.28],[73.342,21.272],[73.324,21.258],[73.302,21.246],[73.253,21.246],[73.198,21.228],[73.164,21.23],[73.133,21.244],[73.09,21.285],[73.011,21.307],[72.982,21.305],[72.962,21.293],[72.877,21.229],[72.82,21.251],[72.799,21.231],[72.805,21.191],[72.729,21.148]]]}},{"type":"Feature","properties":{"name":"Sankh","r":7.0},"geometry":{"type":"MultiLineString","coordinates":[[[83.903,23.198],[83.963,23.142],[84.021,23.021],[84.129,22.985],[84.189,23.029],[84.217,23.113],[84.254,23.104],[84.285,23.058],[84.391,22.968],[84.4,22.936],[84.39,22.909],[84.388,22.818],[84.423,22.656],[84.394,22.606],[84.319,22.556],[84.34,22.454],[84.512,22.325],[84.583,22.32],[84.622,22.314],[84.654,22.289]]]}},{"type":"Feature","properties":{"name":"Ganges","r":3.0},"geometry":{"type":"MultiLineString","coordinates":[[[79.841,30.888],[79.814,30.84],[79.818,30.803],[79.841,30.751],[79.838,30.74],[79.841,30.724],[79.869,30.701],[79.857,30.685],[79.834,30.648],[79.807,30.627],[79.779,30.595],[79.738,30.524],[79.685,30.5],[79.632,30.515],[79.569,30.567],[79.523,30.564],[79.409,30.439],[79.341,30.41],[79.313,30.372],[79.307,30.346],[79.269,30.304],[79.205,30.277],[79.178,30.282],[79.166,30.295],[79.137,30.304],[79.001,30.306],[78.878,30.265],[78.803,30.236],[78.78,30.238],[78.762,30.232],[78.742,30.232],[78.696,30.244],[78.643,30.204],[78.583,30.122],[78.586,30.073],[78.529,30.076],[78.463,30.073],[78.442,30.081],[78.422,30.122],[78.385,30.134],[78.358,30.133],[78.332,30.142],[78.286,30.097],[78.266,30.054],[78.164,29.95],[78.156,29.9],[78.19,29.793],[78.189,29.707],[78.107,29.655],[78.09,29.642],[78.069,29.641],[78.019,29.619],[77.99,29.572],[78.011,29.498],[78.052,29.435],[78.05,29.389],[78.062,29.364],[78.082,29.345],[78.104,29.279],[78.118,29.233],[78.115,29.212],[78.121,29.192],[78.088,29.153],[78.076,29.058],[78.072,28.991],[78.095,28.936],[78.104,28.897],[78.096,28.878],[78.1,28.856],[78.094,28.842],[78.096,28.828],[78.11,28.821],[78.119,28.814],[78.127,28.812],[78.127,28.8],[78.121,28.784],[78.131,28.77],[78.14,28.748],[78.166,28.719],[78.184,28.672],[78.176,28.62],[78.265,28.489],[78.272,28.435],[78.265,28.421],[78.272,28.415],[78.279,28.401],[78.268,28.381],[78.269,28.363],[78.281,28.345],[78.286,28.322],[78.301,28.296],[78.345,28.252],[78.374,28.23],[78.406,28.186],[78.456,28.126],[78.477,28.093],[78.557,28.04],[78.585,28.033],[78.604,28.008],[78.626,27.99],[78.712,27.969],[78.739,27.952],[78.806,27.941],[78.895,27.913],[78.946,27.873],[78.957,27.838],[79.033,27.832],[79.076,27.816],[79.156,27.818],[79.164,27.803],[79.169,27.784],[79.196,27.724],[79.197,27.699],[79.265,27.667],[79.332,27.637],[79.41,27.647],[79.465,27.587],[79.493,27.573],[79.529,27.55],[79.555,27.542],[79.562,27.487],[79.576,27.463],[79.611,27.438],[79.626,27.395],[79.632,27.341],[79.649,27.311],[79.69,27.266],[79.717,27.225],[79.819,27.157],[79.851,27.141],[79.865,27.14],[79.93,27.144],[79.99,27.05],[80.012,27.017],[80.007,26.996],[80.009,26.971],[80.09,26.897],[80.115,26.848],[80.122,26.781],[80.142,26.742],[80.186,26.707],[80.245,26.682],[80.262,26.63],[80.297,26.549],[80.318,26.537],[80.336,26.53],[80.348,26.488],[80.415,26.436],[80.51,26.381],[80.533,26.349],[80.554,26.252],[80.571,26.233],[80.595,26.222],[80.599,26.202],[80.595,26.184],[80.605,26.169],[80.673,26.115],[80.701,26.104],[80.728,26.112],[80.75,26.106],[80.766,26.091],[80.797,26.073],[80.798,26.049],[80.798,26.034],[80.832,26.048],[80.878,26.063],[80.926,26.067],[80.985,26.077],[81.033,26.061],[81.054,26.019],[81.09,25.984],[81.136,25.967],[81.187,25.955],[81.214,25.883],[81.244,25.86],[81.302,25.841],[81.367,25.781],[81.393,25.772],[81.4,25.75],[81.382,25.728],[81.383,25.682],[81.441,25.655],[81.479,25.632],[81.515,25.629],[81.526,25.609],[81.539,25.591],[81.566,25.584],[81.63,25.587],[81.643,25.555],[81.664,25.524],[81.684,25.516],[81.717,25.494],[81.756,25.491],[81.799,25.481],[81.886,25.513],[81.917,25.498],[81.905,25.458],[81.903,25.413],[81.938,25.345],[81.97,25.324],[82.009,25.327],[82.043,25.336],[82.075,25.317],[82.083,25.288],[82.112,25.276],[82.159,25.31],[82.192,25.315],[82.215,25.302],[82.217,25.28],[82.209,25.265],[82.196,25.219],[82.202,25.19],[82.237,25.186],[82.264,25.204],[82.225,25.22],[82.254,25.258],[82.291,25.276],[82.328,25.215],[82.36,25.225],[82.383,25.262],[82.414,25.253],[82.441,25.231],[82.497,25.17],[82.551,25.158],[82.593,25.173],[82.586,25.225],[82.637,25.22],[82.73,25.156],[82.836,25.119],[82.92,25.195],[82.996,25.205],[83.02,25.228],[83.023,25.262],[83.006,25.289],[83.135,25.326],[83.18,25.379],[83.163,25.436],[83.123,25.452],[83.154,25.484],[83.174,25.519],[83.213,25.535],[83.253,25.51],[83.312,25.479],[83.342,25.478],[83.383,25.495],[83.437,25.467],[83.507,25.407],[83.544,25.412],[83.503,25.489],[83.51,25.529],[83.559,25.548],[83.617,25.598],[83.664,25.611],[83.706,25.608],[83.723,25.595],[83.74,25.574],[83.749,25.538],[83.772,25.517],[83.84,25.522],[83.898,25.524],[83.908,25.538],[83.982,25.589],[84.058,25.674],[84.18,25.746],[84.217,25.714],[84.23,25.681],[84.272,25.693],[84.326,25.749],[84.356,25.761],[84.388,25.759],[84.438,25.719],[84.48,25.703],[84.499,25.699],[84.577,25.7],[84.617,25.702],[84.689,25.717],[84.729,25.75],[84.775,25.749],[84.881,25.708],[84.949,25.73],[84.996,25.735],[85.086,25.721],[85.124,25.659],[85.163,25.638],[85.21,25.626],[85.237,25.618],[85.252,25.603],[85.272,25.567],[85.299,25.546],[85.333,25.538],[85.388,25.508],[85.456,25.538],[85.56,25.523],[85.621,25.482],[85.652,25.463],[85.722,25.504],[85.756,25.515],[85.831,25.505],[85.946,25.413],[86.019,25.359],[86.039,25.33],[86.104,25.33],[86.162,25.326],[86.186,25.319],[86.241,25.33],[86.274,25.318],[86.306,25.293],[86.378,25.31],[86.446,25.362],[86.488,25.433],[86.534,25.483],[86.591,25.461],[86.58,25.375],[86.611,25.304],[86.694,25.256],[86.782,25.276],[86.858,25.341],[86.89,25.35],[86.974,25.289],[87.047,25.269],[87.088,25.256],[87.108,25.262],[87.147,25.235],[87.19,25.23],[87.239,25.275],[87.282,25.356],[87.332,25.387],[87.351,25.399],[87.372,25.393],[87.401,25.394],[87.478,25.404],[87.502,25.392],[87.518,25.371],[87.536,25.32],[87.55,25.315],[87.57,25.304],[87.589,25.277],[87.66,25.255],[87.726,25.252],[87.76,25.244],[87.779,25.228],[87.783,25.2],[87.773,25.185],[87.769,25.159],[87.776,25.125],[87.775,25.103],[87.781,25.09],[87.793,25.087],[87.836,25.047],[87.886,25.022],[87.913,25.004],[87.935,25.004],[87.954,24.988],[87.958,24.944],[87.937,24.909],[87.909,24.878],[87.911,24.844],[87.948,24.796],[87.959,24.717],[88.021,24.646],[88.057,24.634],[88.081,24.6],[88.085,24.542],[88.09,24.533],[88.111,24.502],[88.133,24.482],[88.171,24.464],[88.225,24.461],[88.251,24.472],[88.272,24.475],[88.293,24.481],[88.308,24.486],[88.322,24.463],[88.379,24.402],[88.405,24.372],[88.444,24.351],[88.506,24.358],[88.681,24.334],[88.737,24.287],[88.745,24.244],[88.749,24.223],[88.734,24.199],[88.732,24.182],[88.751,24.153],[88.782,24.136],[88.805,24.122],[88.843,24.123],[88.921,24.159],[88.941,24.172],[88.96,24.167],[88.977,24.156],[89.023,24.107],[89.037,24.095],[89.042,24.078],[89.052,24.062],[89.066,24.047],[89.07,24.027],[89.065,24.005],[89.078,23.986]],[[87.938,24.806],[87.92,24.727],[87.941,24.619],[88.057,24.516],[88.05,24.505],[88.065,24.483],[88.071,24.464],[88.109,24.451],[88.12,24.433],[88.113,24.409],[88.142,24.408],[88.153,24.397],[88.156,24.372],[88.177,24.362],[88.212,24.341],[88.217,24.324],[88.229,24.326],[88.239,24.323],[88.252,24.312],[88.239,24.307],[88.231,24.296],[88.253,24.271],[88.257,24.141],[88.221,24.061],[88.195,24.001],[88.229,23.988],[88.203,23.981],[88.208,23.95],[88.221,23.871],[88.228,23.827],[88.24,23.799],[88.228,23.756],[88.2,23.742],[88.16,23.7],[88.147,23.658],[88.163,23.624],[88.229,23.607],[88.224,23.635],[88.239,23.633],[88.248,23.59],[88.264,23.577],[88.288,23.582],[88.33,23.592],[88.304,23.559],[88.295,23.536],[88.334,23.538],[88.365,23.524],[88.357,23.469],[88.355,23.457],[88.341,23.438],[88.352,23.426],[88.368,23.419],[88.379,23.402],[88.377,23.384],[88.37,23.36],[88.367,23.346],[88.341,23.334],[88.345,23.316],[88.348,23.27],[88.36,23.265],[88.382,23.225],[88.413,23.212],[88.457,23.212],[88.447,23.154],[88.461,23.13],[88.484,23.124],[88.496,23.107],[88.474,23.074],[88.482,23.062],[88.495,23.049],[88.475,23.038],[88.451,23.039],[88.448,23.021],[88.418,22.987],[88.407,22.946]],[[88.429,24.356],[88.43,24.324],[88.453,24.283],[88.483,24.264],[88.518,24.263],[88.54,24.199],[88.513,24.189],[88.526,24.183],[88.532,24.172],[88.529,24.165],[88.529,24.152],[88.523,24.144],[88.538,24.137],[88.565,24.145],[88.569,24.122],[88.578,24.115],[88.591,24.118],[88.62,24.108],[88.627,24.086],[88.636,24.074],[88.646,24.083],[88.647,24.036],[88.633,23.988],[88.679,23.984],[88.709,23.967],[88.755,23.965],[88.77,23.954],[88.804,23.953],[88.842,23.933],[88.863,23.908],[88.846,23.878],[88.869,23.869],[88.871,23.862],[88.861,23.854],[88.859,23.802],[88.87,23.7],[88.859,23.683],[88.85,23.68],[88.842,23.686],[88.825,23.669],[88.826,23.637],[88.797,23.627],[88.774,23.634],[88.762,23.613],[88.75,23.591],[88.736,23.58],[88.75,23.556],[88.768,23.525],[88.791,23.497],[88.802,23.483],[88.831,23.474],[88.835,23.43],[88.874,23.448],[88.896,23.472],[88.909,23.465],[88.907,23.426],[88.893,23.42],[88.894,23.405],[88.931,23.405],[88.938,23.38],[88.914,23.378],[88.933,23.356],[88.989,23.367],[88.995,23.388],[88.976,23.397],[88.968,23.405],[88.99,23.411],[89.016,23.385],[89.014,23.377],[89.01,23.371],[89.021,23.361],[89.022,23.349],[89.015,23.283],[89.021,23.262],[89.002,23.242],[88.997,23.223],[89.013,23.21],[89.027,23.217],[89.037,23.212],[89.05,23.194],[89.047,23.179],[89.051,23.161],[89.106,23.088],[89.098,23.047],[89.085,23.014],[89.076,22.987],[89.093,22.973],[89.112,22.978],[89.095,22.953],[89.093,22.934],[89.105,22.932],[89.124,22.934],[89.137,22.894],[89.119,22.898],[89.117,22.893],[89.112,22.89],[89.126,22.871],[89.126,22.853],[89.135,22.826],[89.154,22.83],[89.153,22.818],[89.15,22.804],[89.164,22.8],[89.184,22.814],[89.193,22.803],[89.174,22.767],[89.189,22.775],[89.197,22.756],[89.226,22.736],[89.25,22.736],[89.27,22.728],[89.291,22.709],[89.306,22.7],[89.304,22.679],[89.269,22.682],[89.292,22.656],[89.296,22.633],[89.294,22.615]],[[89.088,23.978],[89.089,23.977]],[[89.089,23.977],[89.137,23.943],[89.186,23.929],[89.296,23.935],[89.345,23.92],[89.467,23.865],[89.53,23.819],[89.573,23.82],[89.62,23.844],[89.709,23.857],[89.754,23.845]],[[89.089,23.977],[89.097,23.952],[89.098,23.944],[89.114,23.926],[89.177,23.882],[89.184,23.865],[89.211,23.854],[89.25,23.816],[89.256,23.772],[89.277,23.74],[89.353,23.672],[89.398,23.678],[89.421,23.674],[89.493,23.58],[89.504,23.557],[89.52,23.542],[89.517,23.527],[89.497,23.514],[89.497,23.499],[89.503,23.487],[89.548,23.506],[89.599,23.473],[89.626,23.371],[89.609,23.379],[89.599,23.385],[89.612,23.315],[89.667,23.289],[89.636,23.255],[89.681,23.227],[89.68,23.189],[89.707,23.17],[89.725,23.182],[89.75,23.18],[89.753,23.162],[89.734,23.153],[89.711,23.119],[89.681,23.138],[89.682,23.118],[89.689,23.104],[89.715,23.094],[89.733,23.076],[89.773,23.01],[89.818,22.967],[89.828,22.939],[89.838,22.928],[89.859,22.918],[89.887,22.89],[89.943,22.857],[90.007,22.75],[90.01,22.686],[90.024,22.651],[90.014,22.596],[90.024,22.548],[90.012,22.511]],[[90.087,23.579],[90.069,23.528],[90.069,23.512],[90.079,23.489],[90.093,23.428],[90.065,23.391],[90.095,23.375],[90.126,23.347],[90.132,23.312],[90.13,23.291],[90.112,23.295],[90.099,23.302],[90.106,23.261],[90.116,23.28],[90.141,23.268],[90.143,23.243],[90.164,23.234],[90.197,23.232],[90.222,23.212],[90.213,23.191]],[[90.213,23.191],[90.202,23.177],[90.176,23.174],[90.175,23.196],[90.184,23.2],[90.209,23.197],[90.213,23.191]],[[90.213,23.191],[90.215,23.185],[90.246,23.18],[90.255,23.15],[90.243,23.13],[90.267,23.122],[90.319,23.106],[90.325,23.09],[90.325,23.069],[90.301,23.059],[90.302,23.041],[90.325,23.038],[90.325,23.021],[90.319,23.011],[90.322,22.997],[90.347,22.982],[90.36,22.963],[90.375,22.946],[90.387,22.918],[90.373,22.906],[90.366,22.901],[90.37,22.817],[90.394,22.775]],[[88.407,22.946],[88.456,22.943],[88.485,22.932],[88.504,22.94],[88.537,22.98],[88.556,22.985],[88.574,22.977],[88.599,22.97],[88.616,22.97],[88.621,22.952],[88.633,22.939],[88.645,22.941],[88.654,22.946],[88.668,22.946],[88.704,22.946],[88.739,22.935],[88.751,22.884],[88.773,22.855],[88.828,22.849],[88.839,22.837],[88.853,22.83],[88.852,22.811],[88.85,22.789],[88.848,22.778],[88.841,22.746],[88.83,22.737],[88.814,22.74],[88.813,22.721],[88.825,22.712],[88.868,22.664],[88.9,22.658],[88.93,22.659],[88.952,22.612],[88.95,22.562],[88.959,22.537],[88.98,22.491],[89.002,22.428],[88.992,22.407],[88.989,22.387],[89.006,22.322],[89.009,22.286],[89.062,22.212],[89.076,22.175],[89.06,22.131]],[[88.407,22.946],[88.398,22.897],[88.366,22.816],[88.345,22.778],[88.363,22.721],[88.364,22.656],[88.342,22.576],[88.297,22.554],[88.251,22.554],[88.241,22.527],[88.23,22.521],[88.207,22.517],[88.194,22.495],[88.171,22.481],[88.133,22.469],[88.137,22.418],[88.129,22.391],[88.101,22.367],[88.103,22.314],[88.097,22.294],[88.081,22.269],[88.078,22.249],[88.071,22.235]],[[88.406,22.946],[88.407,22.946]],[[89.293,22.6],[89.288,22.616],[89.273,22.636],[89.257,22.633],[89.256,22.607],[89.266,22.589],[89.267,22.573],[89.251,22.553],[89.25,22.535],[89.261,22.495],[89.271,22.459],[89.255,22.424],[89.252,22.393],[89.262,22.369],[89.266,22.337],[89.296,22.291],[89.307,22.26],[89.342,22.131],[89.359,22.121],[89.366,22.106],[89.384,22.092],[89.386,22.084],[89.38,22.079],[89.367,22.049],[89.351,22.012],[89.352,21.972]],[[89.293,22.6],[89.293,22.598]],[[89.476,22.295],[89.444,22.334],[89.44,22.399],[89.421,22.492],[89.427,22.516],[89.408,22.562],[89.354,22.595],[89.331,22.593],[89.297,22.589]]]}},{"type":"Feature","properties":{"name":"Penner","r":7.0},"geometry":{"type":"MultiLineString","coordinates":[[[77.573,13.407],[77.609,13.435],[77.614,13.472],[77.596,13.494],[77.59,13.511],[77.573,13.519],[77.561,13.53],[77.552,13.551],[77.522,13.571],[77.514,13.6],[77.48,13.694],[77.464,13.802],[77.471,13.842],[77.494,13.885],[77.481,13.913],[77.473,13.945],[77.442,13.969],[77.419,14.005],[77.434,14.064],[77.396,14.179],[77.373,14.195],[77.348,14.321],[77.34,14.34],[77.336,14.352],[77.319,14.36],[77.313,14.367],[77.312,14.383],[77.306,14.392],[77.298,14.394],[77.281,14.465],[77.307,14.482],[77.305,14.538],[77.278,14.598],[77.272,14.642],[77.271,14.692],[77.282,14.726],[77.289,14.753],[77.297,14.801],[77.312,14.842],[77.365,14.876],[77.436,14.894],[77.449,14.888],[77.465,14.896],[77.513,14.915],[77.54,14.917],[77.573,14.942],[77.62,14.952],[77.653,14.937],[77.717,14.928],[77.781,14.899],[77.797,14.922],[77.829,14.932],[77.905,14.962],[77.943,14.959],[77.97,14.938],[78.033,14.916],[78.074,14.872],[78.085,14.864],[78.145,14.853],[78.177,14.842],[78.241,14.804],[78.272,14.822],[78.306,14.832],[78.357,14.867],[78.369,14.851],[78.374,14.829],[78.401,14.811],[78.449,14.781],[78.479,14.772],[78.55,14.725],[78.58,14.689],[78.642,14.661],[78.685,14.618],[78.704,14.604],[78.748,14.606],[78.762,14.594],[78.772,14.579],[78.803,14.579],[78.832,14.566],[78.857,14.544],[78.891,14.495],[78.942,14.476],[78.977,14.476],[79.007,14.457],[79.042,14.448],[79.095,14.473],[79.114,14.469],[79.127,14.453],[79.132,14.435],[79.15,14.426],[79.163,14.433],[79.189,14.442],[79.224,14.483],[79.244,14.466],[79.263,14.463],[79.282,14.473],[79.307,14.492],[79.416,14.548],[79.45,14.568],[79.539,14.579],[79.565,14.567],[79.572,14.564],[79.582,14.55],[79.593,14.556],[79.606,14.56],[79.67,14.589],[79.714,14.593],[79.752,14.575],[79.82,14.531],[79.848,14.493],[79.923,14.477],[79.944,14.483],[79.957,14.475],[79.975,14.469],[80.016,14.478],[80.053,14.51],[80.067,14.524],[80.092,14.528],[80.116,14.539],[80.149,14.565]]]}},{"type":"Feature","properties":{"name":"Indus","r":3.0},"geometry":{"type":"MultiLineString","coordinates":[[[72.782,34.623],[72.802,34.577],[72.789,34.523],[72.802,34.504],[72.837,34.481],[72.83,34.441],[72.828,34.393],[72.845,34.355],[72.852,34.288],[72.837,34.221],[72.833,34.168],[72.789,34.128],[72.74,34.105],[72.707,34.086]]]}},{"type":"Feature","properties":{"name":"Indus","r":3.0},"geometry":{"type":"MultiLineString","coordinates":[[[72.707,34.086],[72.652,34.044],[72.633,34.014],[72.51,34.023],[72.431,34.011],[72.367,33.969],[72.255,33.944],[72.226,33.901],[72.234,33.766],[72.211,33.776],[72.186,33.766],[72.153,33.777],[72.087,33.79],[72.063,33.766],[72.032,33.754],[72.01,33.716],[71.999,33.703],[71.974,33.65],[71.953,33.571],[71.956,33.547],[71.945,33.516],[71.897,33.482],[71.888,33.461],[71.874,33.443],[71.878,33.423],[71.863,33.415],[71.851,33.404],[71.813,33.404],[71.741,33.376],[71.722,33.336],[71.717,33.304],[71.699,33.273],[71.721,33.246],[71.727,33.231],[71.751,33.205],[71.75,33.163],[71.73,33.14],[71.713,33.111],[71.713,33.054],[71.718,33.029],[71.694,33.015],[71.685,32.999],[71.611,32.964],[71.573,32.961],[71.552,32.956],[71.534,32.949],[71.513,32.92],[71.498,32.911],[71.448,32.887],[71.43,32.843],[71.409,32.816],[71.403,32.79],[71.414,32.734],[71.408,32.719],[71.396,32.709],[71.355,32.689],[71.331,32.656],[71.323,32.616],[71.33,32.574],[71.351,32.525],[71.341,32.415],[71.294,32.356],[71.279,32.322],[71.276,32.293],[71.252,32.255],[71.237,32.202],[71.216,32.165],[71.178,32.147],[71.132,32.106],[71.117,32.081],[71.114,32.047],[71.107,32.031],[71.055,31.982],[71.023,31.926],[70.993,31.898],[70.974,31.839],[70.924,31.744],[70.899,31.71],[70.904,31.679],[70.903,31.664],[70.801,31.454],[70.791,31.426],[70.768,31.264],[70.771,31.236],[70.784,31.195],[70.793,31.125],[70.819,31.078],[70.835,30.948],[70.819,30.884],[70.797,30.847],[70.757,30.802],[70.75,30.774],[70.76,30.744],[70.766,30.695],[70.781,30.661],[70.83,30.599],[70.848,30.542],[70.849,30.503],[70.836,30.457],[70.815,30.364],[70.805,30.35],[70.78,30.331],[70.775,30.298],[70.802,30.238],[70.816,30.22],[70.816,30.202],[70.804,30.162],[70.806,30.094],[70.839,30.018],[70.835,29.939],[70.845,29.908],[70.83,29.855],[70.813,29.829],[70.789,29.819],[70.775,29.809],[70.768,29.795],[70.761,29.765],[70.728,29.732],[70.689,29.686],[70.663,29.668],[70.653,29.637],[70.634,29.592],[70.636,29.564],[70.659,29.537],[70.693,29.521],[70.702,29.486],[70.701,29.438],[70.715,29.417],[70.72,29.4],[70.716,29.381],[70.681,29.325],[70.675,29.272],[70.669,29.248],[70.648,29.215],[70.652,29.174],[70.668,29.124],[70.665,29.071],[70.652,29.05],[70.63,29.04],[70.578,29.03],[70.555,29.015],[70.476,28.923],[70.437,28.912],[70.374,28.915],[70.345,28.883],[70.334,28.848],[70.276,28.793],[70.157,28.745],[70.133,28.729],[70.096,28.683],[70.043,28.659],[70.036,28.639],[70.029,28.598],[69.941,28.582],[69.915,28.57],[69.882,28.542],[69.824,28.534],[69.781,28.52],[69.753,28.5],[69.725,28.416],[69.708,28.392],[69.669,28.366],[69.653,28.332],[69.585,28.259],[69.561,28.246],[69.524,28.235],[69.488,28.216],[69.433,28.232],[69.411,28.226],[69.4,28.19],[69.389,28.163],[69.366,28.146],[69.312,28.164],[69.267,28.151],[69.251,28.129],[69.224,28.122],[69.181,28.119],[69.163,28.098],[69.145,28.063],[69.117,28.055],[69.061,28.066],[69.035,28.063],[69.036,28.031],[69.022,27.992],[68.999,27.972],[68.933,27.986],[68.923,27.984],[68.917,27.974],[68.92,27.963],[68.943,27.936],[68.954,27.915],[68.954,27.88],[68.943,27.862],[68.895,27.854],[68.873,27.843],[68.863,27.82],[68.861,27.808],[68.878,27.783],[68.891,27.78],[68.898,27.771],[68.941,27.759],[68.952,27.726],[68.882,27.691],[68.813,27.663],[68.769,27.681],[68.734,27.722],[68.699,27.785],[68.658,27.782],[68.655,27.733],[68.647,27.711],[68.623,27.703],[68.576,27.71],[68.555,27.706],[68.522,27.674],[68.489,27.662],[68.45,27.677],[68.424,27.635],[68.405,27.624],[68.365,27.623],[68.345,27.61],[68.325,27.581],[68.291,27.557],[68.326,27.499],[68.325,27.465],[68.298,27.43],[68.301,27.41],[68.327,27.374],[68.297,27.361],[68.247,27.368],[68.219,27.368],[68.153,27.301],[68.162,27.26],[68.205,27.236],[68.202,27.215],[68.182,27.202],[68.134,27.202],[68.094,27.186],[68.099,27.165],[68.118,27.134],[68.12,27.107],[68.074,27.053],[68.041,27.013],[67.976,26.97],[67.955,26.962],[67.922,26.972],[67.909,26.957],[67.917,26.914],[67.914,26.891],[67.902,26.862],[67.893,26.847],[67.903,26.794],[67.905,26.742],[67.901,26.711],[67.885,26.682],[67.879,26.657],[67.881,26.633],[67.891,26.617],[67.92,26.587],[67.927,26.558],[67.922,26.53],[67.927,26.499],[67.919,26.461],[67.914,26.442],[67.89,26.41],[67.89,26.386],[67.927,26.344],[67.934,26.287],[67.953,26.255],[67.994,26.246],[68.019,26.231],[68.028,26.205],[68.04,26.191],[68.094,26.175],[68.124,26.152],[68.132,26.135],[68.133,26.115],[68.127,26.079],[68.153,26.047],[68.221,26.0],[68.242,25.966],[68.26,25.917],[68.287,25.893],[68.332,25.866],[68.347,25.848],[68.383,25.833],[68.398,25.81],[68.366,25.784],[68.331,25.766],[68.323,25.733],[68.353,25.703],[68.416,25.679],[68.416,25.647],[68.382,25.621],[68.394,25.568],[68.38,25.535],[68.343,25.521],[68.314,25.499],[68.328,25.451],[68.311,25.409],[68.316,25.385],[68.339,25.364],[68.349,25.279],[68.344,25.266],[68.314,25.241],[68.304,25.228],[68.301,25.208],[68.312,25.188],[68.361,25.16],[68.37,25.148],[68.366,25.135],[68.349,25.131],[68.307,25.136],[68.289,25.111],[68.287,25.093],[68.273,25.07],[68.266,25.054],[68.273,25.01],[68.267,24.976],[68.253,24.965],[68.237,24.968],[68.223,24.995],[68.198,25.006],[68.165,24.984],[68.135,24.941],[68.137,24.907],[68.146,24.889],[68.141,24.874],[68.124,24.866],[68.079,24.876],[68.044,24.868],[68.042,24.839],[68.053,24.81],[68.036,24.775],[68.001,24.732],[67.97,24.656],[67.978,24.625],[68.011,24.587],[68.002,24.562],[67.99,24.551],[67.961,24.533],[67.958,24.517],[67.972,24.479],[67.974,24.457],[67.97,24.443],[67.957,24.431],[67.92,24.437],[67.901,24.427],[67.859,24.419],[67.843,24.412],[67.846,24.396],[67.864,24.376],[67.871,24.356],[67.855,24.333],[67.805,24.348],[67.785,24.336],[67.794,24.315],[67.819,24.293],[67.83,24.274],[67.825,24.255],[67.807,24.252],[67.778,24.271],[67.758,24.261],[67.756,24.227],[67.75,24.195],[67.738,24.174],[67.72,24.164],[67.687,24.175],[67.666,24.172],[67.655,24.159],[67.651,24.143],[67.662,24.114]],[[79.437,32.738],[79.399,32.793],[79.336,32.86],[79.318,32.908],[79.289,32.937],[79.274,32.955],[79.224,32.971],[79.152,33.015],[78.955,33.201],[78.924,33.213],[78.907,33.207],[78.798,33.153],[78.772,33.15],[78.734,33.163],[78.592,33.208],[78.571,33.216],[78.549,33.246],[78.511,33.26],[78.406,33.299],[78.353,33.355],[78.309,33.362],[78.277,33.374],[78.196,33.433],[78.152,33.469],[78.158,33.525],[78.15,33.567],[78.101,33.578],[78.091,33.606],[78.067,33.638],[78.008,33.664],[77.959,33.723],[77.884,33.769],[77.858,33.78],[77.66,34.029],[77.556,34.113],[77.505,34.131],[77.489,34.137],[77.434,34.128],[77.339,34.16],[77.32,34.196],[77.277,34.204],[77.269,34.193],[77.257,34.192],[77.248,34.196],[77.217,34.21],[77.184,34.216],[77.168,34.229],[77.155,34.237],[77.134,34.232],[77.071,34.256],[77.036,34.269],[77.032,34.291],[76.904,34.308],[76.843,34.33],[76.773,34.39],[76.738,34.424],[76.684,34.448],[76.612,34.543],[76.584,34.563],[76.523,34.583],[76.449,34.631],[76.387,34.644],[76.373,34.644],[76.317,34.668],[76.243,34.746],[76.221,34.76],[76.21,34.777],[76.19,34.83],[76.195,34.875],[76.206,34.897],[76.223,34.917],[76.222,34.941],[76.215,34.955],[76.186,34.965],[76.15,34.989],[76.076,35.051],[76.053,35.073],[76.038,35.077],[76.034,35.092],[76.011,35.095],[75.957,35.148],[75.922,35.166],[75.916,35.209],[75.908,35.234],[75.894,35.241],[75.882,35.254],[75.859,35.303],[75.843,35.341],[75.797,35.343],[75.746,35.308],[75.721,35.311],[75.7,35.323],[75.679,35.312],[75.636,35.314],[75.469,35.431],[75.452,35.46],[75.4,35.477],[75.363,35.486],[75.347,35.528],[75.339,35.575],[75.105,35.603],[75.08,35.604],[75.062,35.619],[75.048,35.635],[74.989,35.64],[74.948,35.651],[74.921,35.678],[74.872,35.712],[74.773,35.718],[74.745,35.724],[74.742,35.75],[74.747,35.777],[74.723,35.798],[74.727,35.836],[74.657,35.843],[74.63,35.821],[74.632,35.787],[74.645,35.776],[74.647,35.76],[74.629,35.75],[74.629,35.732],[74.644,35.72],[74.65,35.702],[74.609,35.661],[74.624,35.62],[74.632,35.606],[74.607,35.496],[74.517,35.478],[74.46,35.454],[74.426,35.424],[74.318,35.418],[74.247,35.427],[74.183,35.403],[74.14,35.411],[74.109,35.434],[74.088,35.438],[74.03,35.434],[73.923,35.49],[73.862,35.493],[73.756,35.527],[73.564,35.542],[73.463,35.558],[73.396,35.544],[73.323,35.548],[73.308,35.534],[73.304,35.512],[73.297,35.483],[73.285,35.453],[73.28,35.435],[73.263,35.404],[73.26,35.337],[73.249,35.318],[73.276,35.298],[73.269,35.26],[73.202,35.233],[73.053,35.127],[73.004,35.099],[72.951,35.051],[72.909,35.038],[72.892,35.037],[72.885,35.017],[72.894,35.002],[72.899,34.979],[72.869,34.929],[72.872,34.892],[72.934,34.876],[72.986,34.84],[72.976,34.822],[72.952,34.818],[72.944,34.807],[72.919,34.781],[72.855,34.769],[72.803,34.732],[72.81,34.674],[72.785,34.637]],[[79.735,32.444],[79.72,32.452],[79.676,32.512],[79.462,32.707],[79.43,32.745]],[[67.664,24.106],[67.661,24.108]],[[67.664,24.106],[67.658,24.084],[67.616,24.065],[67.552,24.067]],[[67.713,24.066],[67.702,24.079],[67.664,24.106]],[[67.713,24.066],[67.724,24.063],[67.738,24.057],[67.754,24.054],[67.76,24.053]],[[67.926,23.982],[67.956,23.994],[67.945,24.017],[67.924,24.056],[67.869,24.076],[67.828,24.065],[67.795,24.066],[67.765,24.072],[67.767,24.023],[67.815,23.995],[67.901,23.991],[67.926,23.982]],[[67.926,23.982],[67.927,23.985]],[[68.025,23.934],[68.016,23.968],[68.02,23.995],[68.014,24.01],[67.999,24.019],[67.981,24.016],[67.967,24.005]],[[67.651,23.931],[67.708,23.947],[67.731,23.965],[67.723,23.997],[67.72,24.05]],[[67.858,23.909],[67.861,23.932],[67.868,23.945],[67.884,23.952],[67.916,23.961],[67.926,23.982]]]}},{"type":"Feature","properties":{"name":null,"r":7.0},"geometry":{"type":"MultiLineString","coordinates":[[[90.64,22.953],[90.61,22.986],[90.597,23.011],[90.589,22.985]],[[90.463,22.823],[90.473,22.814],[90.496,22.811],[90.507,22.805],[90.516,22.798],[90.544,22.782]],[[90.662,22.804],[90.652,22.825],[90.616,22.83],[90.596,22.815]],[[90.67,22.473],[90.711,22.479],[90.713,22.436],[90.694,22.399]],[[90.716,22.452],[90.731,22.449],[90.737,22.422],[90.751,22.4],[90.783,22.4],[90.811,22.37],[90.834,22.363],[90.86,22.342]]]}},{"type":"Feature","properties":{"name":"Brahmani","r":7.0},"geometry":{"type":"MultiLineString","coordinates":[[[84.668,22.265],[84.709,22.244],[84.796,22.239],[84.863,22.098],[84.874,22.088],[84.882,22.075],[84.87,22.062],[84.874,21.982],[84.885,21.958],[84.883,21.937],[84.869,21.923],[84.862,21.889],[84.889,21.853],[84.926,21.828],[84.938,21.827],[84.949,21.834],[84.965,21.834],[84.974,21.827],[84.996,21.778],[84.995,21.741],[84.932,21.725],[84.904,21.678],[84.993,21.629],[85.01,21.57],[84.987,21.501],[84.94,21.44],[84.94,21.4],[84.977,21.339],[85.015,21.299],[85.058,21.232],[85.114,21.217],[85.136,21.188],[85.127,21.157],[85.128,21.108],[85.204,21.056],[85.243,21.006],[85.24,20.926],[85.245,20.907],[85.275,20.887],[85.288,20.87],[85.295,20.843],[85.331,20.809],[85.552,20.741],[85.608,20.754],[85.631,20.791],[85.765,20.875],[85.878,20.876],[86.073,20.868],[86.131,20.874],[86.206,20.842],[86.23,20.82],[86.444,20.683],[86.509,20.678],[86.572,20.704],[86.627,20.682],[86.667,20.684],[86.711,20.678],[86.744,20.658],[86.749,20.611],[86.774,20.629],[86.802,20.636],[86.811,20.658],[86.83,20.666],[86.857,20.661],[86.902,20.687],[86.94,20.698]]]}},{"type":"Feature","properties":{"name":"Shiquan","r":3.0},"geometry":{"type":"MultiLineString","coordinates":[[[81.64,31.45],[81.619,31.419],[81.556,31.393],[81.489,31.394],[81.446,31.432],[81.42,31.466],[81.397,31.481],[81.361,31.484],[81.315,31.506],[81.27,31.554],[81.242,31.57],[81.218,31.601],[81.175,31.7],[81.166,31.751],[81.181,31.771],[81.205,31.841],[81.251,31.895],[81.361,31.956],[81.376,32.019],[81.344,32.018],[81.307,32.037],[81.281,32.049],[81.272,32.092],[81.282,32.151],[81.276,32.183],[81.244,32.201],[81.212,32.321],[81.156,32.375],[81.118,32.391],[81.078,32.396],[81.038,32.417],[81.006,32.448],[80.905,32.464],[80.736,32.539],[80.648,32.553],[80.477,32.556],[80.232,32.547],[80.196,32.552],[80.136,32.523],[80.07,32.503],[80.005,32.482],[79.889,32.479],[79.759,32.445]]]}},{"type":"Feature","properties":{"name":"Huang","r":3.0},"geometry":{"type":"MultiLineString","coordinates":[[[97.763,35.088],[97.733,35.055],[97.714,34.953],[97.618,34.885],[97.546,34.876]],[[97.288,34.835],[97.259,34.879],[97.15,34.936],[97.108,34.942],[97.085,34.935]]]}},{"type":"Feature","properties":{"name":"Huang","r":3.0},"geometry":{"type":"MultiLineString","coordinates":[[[96.164,35.13],[96.249,35.109],[96.534,35.096],[96.705,35.048],[96.811,35.061],[96.868,35.019],[96.947,35.0],[96.987,34.976],[97.015,34.937],[97.072,34.931]],[[97.763,35.088],[97.849,35.112],[97.992,35.081],[98.043,35.012],[98.108,34.954],[98.131,34.921],[98.132,34.9],[98.148,34.891],[98.192,34.876],[98.275,34.852],[98.307,34.836],[98.378,34.815],[98.396,34.774],[98.395,34.72],[98.401,34.649],[98.381,34.619],[98.341,34.607],[98.33,34.575],[98.395,34.547],[98.414,34.527],[98.466,34.492],[98.466,34.477],[98.469,34.469],[98.48,34.459],[98.497,34.414],[98.627,34.357],[98.71,34.355],[98.724,34.4],[98.724,34.455],[98.783,34.451],[98.837,34.479],[98.928,34.453],[98.971,34.447],[98.987,34.431]],[[97.288,34.835],[97.316,34.817],[97.406,34.818],[97.437,34.828],[97.502,34.876]]]}},{"type":"Feature","properties":{"name":"Beas","r":8.0},"geometry":{"type":"MultiLineString","coordinates":[[[76.2,31.886],[76.144,31.921],[76.084,31.955],[75.992,31.974],[75.935,31.965]]]}},{"type":"Feature","properties":{"name":"Beas","r":8.0},"geometry":{"type":"MultiLineString","coordinates":[[[77.195,32.259],[77.203,32.194],[77.2,32.181],[77.157,32.117],[77.121,31.953],[77.121,31.93],[77.14,31.909],[77.161,31.88],[77.172,31.85],[77.188,31.827],[77.196,31.794],[77.21,31.766],[77.2,31.722],[77.106,31.716],[77.067,31.701],[77.05,31.702],[77.039,31.712],[77.009,31.72],[76.967,31.711],[76.94,31.709],[76.935,31.714],[76.935,31.722],[76.939,31.739],[76.938,31.759],[76.934,31.768],[76.856,31.821],[76.782,31.836],[76.77,31.848],[76.761,31.863],[76.747,31.877],[76.594,31.904],[76.555,31.882],[76.525,31.863],[76.518,31.849],[76.423,31.804],[76.369,31.8],[76.321,31.782],[76.297,31.787],[76.289,31.796],[76.283,31.819],[76.277,31.828],[76.25,31.838],[76.241,31.845],[76.235,31.854],[76.23,31.878],[76.221,31.885],[76.2,31.886]],[[75.935,31.965],[75.898,31.962],[75.802,32.006],[75.707,32.05],[75.695,32.097],[75.688,32.112],[75.66,32.105],[75.604,32.089],[75.588,32.08],[75.555,32.038],[75.545,32.011],[75.538,31.92],[75.563,31.858],[75.559,31.843],[75.548,31.82],[75.557,31.793],[75.558,31.777],[75.54,31.758],[75.528,31.712],[75.376,31.581],[75.354,31.549],[75.299,31.504],[75.291,31.493],[75.24,31.468],[75.186,31.397],[75.173,31.361],[75.163,31.338],[75.134,31.316],[75.118,31.29],[75.003,31.176]]]}},{"type":"Feature","properties":{"name":"Tungabhadra","r":8.0},"geometry":{"type":"MultiLineString","coordinates":[[[75.894,15.093],[75.892,15.121],[75.922,15.135],[75.983,15.143],[76.064,15.16],[76.097,15.192],[76.156,15.228],[76.229,15.225],[76.283,15.25],[76.318,15.271],[76.319,15.273]],[[75.632,13.712],[75.567,13.686],[75.551,13.665],[75.55,13.637],[75.567,13.612],[75.573,13.579],[75.571,13.558],[75.55,13.537],[75.531,13.496]]]}},{"type":"Feature","properties":{"name":"Tungabhadra","r":8.0},"geometry":{"type":"MultiLineString","coordinates":[[[76.318,15.271],[76.331,15.306],[76.356,15.333],[76.506,15.36],[76.536,15.393],[76.543,15.402],[76.579,15.408],[76.59,15.425],[76.606,15.441],[76.642,15.441],[76.678,15.477],[76.716,15.497],[76.782,15.494],[76.796,15.525],[76.836,15.63],[76.856,15.661],[76.875,15.684],[76.897,15.691],[76.908,15.716],[77.073,15.921],[77.163,15.967],[77.235,15.975],[77.264,15.962],[77.429,15.956],[77.563,15.932],[77.641,15.901],[77.686,15.894],[77.795,15.889],[77.858,15.896],[77.877,15.912],[77.896,15.918],[77.915,15.908],[77.95,15.9],[78.1,15.83],[78.124,15.85],[78.141,15.888],[78.166,15.901],[78.213,15.928],[78.237,15.97]],[[75.632,13.712],[75.655,13.723],[75.667,13.736],[75.657,13.755],[75.674,13.756],[75.701,13.788],[75.695,13.887],[75.695,13.956],[75.675,13.979],[75.66,14.01],[75.677,14.043],[75.708,14.065],[75.72,14.071],[75.712,14.082],[75.688,14.112],[75.686,14.122],[75.698,14.13],[75.705,14.147],[75.67,14.166],[75.666,14.191],[75.66,14.209],[75.682,14.213],[75.688,14.233],[75.653,14.244],[75.643,14.273],[75.618,14.364],[75.635,14.44],[75.654,14.463],[75.678,14.492],[75.692,14.496],[75.708,14.483],[75.729,14.512],[75.795,14.548],[75.807,14.573],[75.8,14.593],[75.798,14.62],[75.805,14.651],[75.781,14.685],[75.749,14.716],[75.75,14.736],[75.725,14.734],[75.705,14.722],[75.708,14.765],[75.695,14.79],[75.671,14.81],[75.67,14.844],[75.691,14.87],[75.692,14.891],[75.677,14.935],[75.688,14.955],[75.722,14.954],[75.809,15.033],[75.865,15.049],[75.895,15.07],[75.894,15.093]],[[75.318,13.229],[75.341,13.246],[75.376,13.249],[75.456,13.27],[75.482,13.289],[75.49,13.321],[75.475,13.355],[75.482,13.386],[75.5,13.387],[75.51,13.396],[75.499,13.426],[75.501,13.45],[75.531,13.496]]]}},{"type":"Feature","properties":{"name":"Mahaweli","r":8.0},"geometry":{"type":"MultiLineString","coordinates":[[[81.142,7.999],[81.127,7.955],[81.085,7.897],[81.066,7.865],[81.028,7.844],[80.992,7.801]],[[80.656,7.308],[80.684,7.281],[80.72,7.268],[80.755,7.259],[80.778,7.258],[80.807,7.233]]]}},{"type":"Feature","properties":{"name":"Mahaweli","r":8.0},"geometry":{"type":"MultiLineString","coordinates":[[[81.142,7.999],[81.146,8.033],[81.177,8.083],[81.219,8.1],[81.234,8.116],[81.235,8.14],[81.254,8.146],[81.269,8.176],[81.28,8.231],[81.327,8.263]],[[80.807,7.233],[80.867,7.194],[80.951,7.192],[80.985,7.206],[81.014,7.263],[80.978,7.568],[80.996,7.682],[80.992,7.801]],[[80.656,7.034],[80.664,7.062],[80.643,7.075],[80.615,7.071],[80.587,7.075],[80.569,7.1],[80.584,7.126],[80.58,7.142],[80.584,7.16],[80.598,7.174],[80.609,7.203],[80.614,7.265],[80.643,7.319]]]}},{"type":"Feature","properties":{"name":"Qumar","r":8.0},"geometry":{"type":"MultiLineString","coordinates":[[[92.299,35.223],[92.159,35.225],[92.112,35.235],[92.067,35.219]]]}},{"type":"Feature","properties":{"name":"Qumar","r":8.0},"geometry":{"type":"MultiLineString","coordinates":[[[90.949,35.245],[91.159,35.245],[91.277,35.216],[91.342,35.205],[91.602,35.186],[91.74,35.184],[91.79,35.197],[91.846,35.176],[91.977,35.155],[92.005,35.16],[92.018,35.179],[92.057,35.202]],[[92.299,35.223],[92.335,35.221],[92.368,35.209],[92.402,35.218],[92.488,35.205],[92.573,35.209],[92.61,35.181],[92.65,35.185],[92.695,35.225],[92.769,35.217],[92.911,35.255],[93.012,35.271],[93.104,35.289],[93.139,35.304],[93.315,35.319],[93.361,35.339],[93.38,35.357],[93.402,35.359],[93.426,35.347],[93.47,35.333],[93.506,35.334],[93.633,35.297],[93.769,35.299],[93.827,35.274],[93.896,35.222],[94.012,35.223],[94.129,35.212],[94.221,35.14],[94.284,35.113],[94.321,35.078],[94.377,35.052],[94.558,35.028],[94.598,35.007],[94.621,35.006],[94.654,35.02],[94.752,35.011],[94.77,34.979],[94.828,34.945],[94.93,34.905],[94.946,34.862],[94.966,34.807],[94.945,34.695]]]}},{"type":"Feature","properties":{"name":"Za\u2019gya","r":8.0},"geometry":{"type":"MultiLineString","coordinates":[[[91.148,33.071],[91.172,33.043],[91.179,33.022],[91.182,32.999],[91.21,32.939],[91.183,32.897],[91.175,32.867],[91.185,32.847],[91.201,32.831],[91.21,32.826],[91.213,32.806],[91.133,32.657],[91.103,32.627],[90.902,32.526],[90.881,32.533],[90.823,32.519],[90.743,32.471],[90.724,32.433],[90.731,32.41],[90.714,32.38],[90.688,32.314],[90.667,32.298],[90.656,32.283],[90.645,32.263],[90.574,32.231],[90.532,32.225],[90.48,32.238],[90.155,32.211],[90.109,32.2],[90.074,32.197],[89.998,32.204],[89.895,32.161],[89.781,32.153],[89.735,32.136],[89.691,32.102],[89.678,32.077],[89.653,32.074],[89.614,32.073],[89.568,32.032],[89.498,31.988],[89.448,31.982],[89.423,31.992],[89.394,31.998],[89.389,32.03],[89.374,32.057],[89.339,32.063],[89.311,32.047],[89.291,32.026],[89.25,32.026],[89.198,32.028],[89.179,32.032],[89.148,32.041],[89.1,32.058],[88.996,32.038],[88.932,31.99],[88.966,31.977],[89.001,31.95]]]}},{"type":"Feature","properties":{"name":null,"r":8.0},"geometry":{"type":"MultiLineString","coordinates":[[[86.012,34.391],[86.071,34.369],[86.141,34.366],[86.179,34.38],[86.187,34.393],[86.207,34.398],[86.343,34.368],[86.433,34.364],[86.55,34.378],[86.654,34.416],[86.82,34.41],[86.848,34.416],[86.873,34.431],[86.913,34.426],[86.949,34.44],[86.961,34.47],[86.99,34.489],[87.005,34.5],[87.004,34.528],[87.007,34.535],[87.029,34.543],[87.169,34.534],[87.194,34.569]]]}},{"type":"Feature","properties":{"name":null,"r":8.0},"geometry":{"type":"MultiLineString","coordinates":[[[90.661,36.406],[90.581,36.405],[90.517,36.394],[90.447,36.416],[90.265,36.421],[90.205,36.448],[90.12,36.469],[90.078,36.475],[90.066,36.492],[90.048,36.503],[89.962,36.516],[89.812,36.571],[89.726,36.572],[89.683,36.709],[89.678,36.74],[89.661,36.764],[89.664,36.788],[89.674,36.809],[89.726,36.838],[89.747,36.854],[89.756,36.949],[89.737,37.037],[89.741,37.072],[89.764,37.107],[89.798,37.141],[89.823,37.203],[89.943,37.304],[90.05,37.358],[90.048,37.419],[89.825,37.487]]]}},{"type":"Feature","properties":{"name":"Harirud","r":8.0},"geometry":{"type":"MultiLineString","coordinates":[[[66.612,34.63],[66.498,34.616],[66.472,34.63],[66.451,34.63],[66.408,34.632],[66.382,34.66],[66.345,34.673],[66.172,34.648],[66.109,34.629],[66.057,34.602]]]}},{"type":"Feature","properties":{"name":"Yurungkax","r":8.0},"geometry":{"type":"MultiLineString","coordinates":[[[81.507,35.47],[81.495,35.564],[81.436,35.613],[81.279,35.584],[81.247,35.575],[81.179,35.596],[81.132,35.635],[81.091,35.655],[81.014,35.669],[80.945,35.796],[80.901,35.839],[80.851,35.863],[80.692,35.873],[80.646,35.897],[80.502,35.952],[80.439,35.958],[80.401,35.97],[80.388,35.97],[80.345,35.955],[80.273,35.961],[80.221,35.98],[80.198,35.98],[80.156,35.967],[80.061,35.985],[80.004,36.011],[80.004,36.035],[79.977,36.059],[79.959,36.098],[79.93,36.125],[79.836,36.179],[79.812,36.216],[79.785,36.238],[79.765,36.268],[79.752,36.333],[79.733,36.372],[79.73,36.394],[79.747,36.421],[79.804,36.513],[79.832,36.53],[79.904,36.543],[79.922,36.586],[79.899,36.613],[79.875,36.672],[79.877,36.689],[79.901,36.697],[79.915,36.716],[79.916,36.734],[79.922,36.757],[79.934,36.769],[79.943,36.788],[79.927,36.824],[79.902,36.853],[79.9,36.941],[79.943,37.031],[79.954,37.069],[79.971,37.155],[79.934,37.231],[79.93,37.287],[79.971,37.366],[79.98,37.386],[80.015,37.485]]]}},{"type":"Feature","properties":{"name":"Dam","r":8.0},"geometry":{"type":"MultiLineString","coordinates":[[[94.316,32.64],[94.236,32.692],[94.237,32.709],[94.221,32.724],[94.199,32.758],[94.187,32.783],[94.189,32.812],[94.18,32.833],[94.159,32.847],[94.09,32.859],[94.036,32.896],[93.992,32.905],[93.888,32.88],[93.853,32.89],[93.808,32.922],[93.691,33.03],[93.646,33.044],[93.606,33.064],[93.574,33.092],[93.501,33.116],[93.443,33.182],[93.382,33.239],[93.364,33.271],[93.262,33.323],[93.246,33.338],[93.227,33.346],[93.201,33.349],[93.189,33.362],[93.149,33.387],[93.09,33.396],[93.054,33.411],[93.013,33.443],[92.954,33.46],[92.852,33.551],[92.819,33.565],[92.806,33.623],[92.793,33.633],[92.789,33.647],[92.796,33.667],[92.762,33.708],[92.76,33.739],[92.737,33.899],[92.711,33.95],[92.722,33.989],[92.761,34.019],[92.84,34.034],[92.879,34.051]]]}},{"type":"Feature","properties":{"name":"Mytinge","r":8.0},"geometry":{"type":"MultiLineString","coordinates":[[[95.987,21.874],[95.992,21.843],[96.009,21.818],[96.031,21.817],[96.049,21.831],[96.081,21.829],[96.091,21.809],[96.085,21.797],[96.094,21.791],[96.113,21.804],[96.133,21.803],[96.144,21.787],[96.163,21.775],[96.219,21.838],[96.249,21.829],[96.309,21.784],[96.38,21.704],[96.455,21.686],[96.498,21.692],[96.514,21.731],[96.516,21.795],[96.594,21.819],[96.612,21.832],[96.632,21.864],[96.685,21.888],[96.731,21.906],[96.752,21.935],[96.754,21.994],[96.776,22.006],[96.816,21.979],[96.895,21.951],[96.959,21.971],[96.978,22.06],[96.965,22.164],[96.94,22.254],[96.981,22.278],[97.081,22.253],[97.169,22.247],[97.24,22.221],[97.331,22.268],[97.316,22.386],[97.281,22.432],[97.238,22.56],[97.303,22.618],[97.389,22.663],[97.377,22.703],[97.352,22.718],[97.315,22.731],[97.287,22.756],[97.265,22.795],[97.277,22.825],[97.307,22.847],[97.318,22.874],[97.362,22.931],[97.38,22.972],[97.369,23.036],[97.399,23.081],[97.432,23.11],[97.406,23.146],[97.41,23.179],[97.452,23.201],[97.513,23.193],[97.598,23.192],[97.801,23.28],[97.893,23.296],[97.944,23.301],[98.032,23.327],[98.146,23.335],[98.255,23.366]]]}},{"type":"Feature","properties":{"name":"Wainganga","r":8.0},"geometry":{"type":"MultiLineString","coordinates":[[[79.532,22.014],[79.515,22.04],[79.502,22.092],[79.474,22.089],[79.459,22.173],[79.491,22.204],[79.513,22.233],[79.525,22.264],[79.525,22.274],[79.493,22.305],[79.464,22.319],[79.481,22.359],[79.519,22.384],[79.54,22.384],[79.578,22.354],[79.594,22.36],[79.632,22.381],[79.645,22.394],[79.649,22.411],[79.655,22.443],[79.681,22.457],[79.703,22.456],[79.743,22.418],[79.779,22.397],[79.839,22.379],[79.862,22.38],[79.892,22.391],[79.93,22.384],[79.949,22.385],[80.001,22.402],[80.016,22.397],[80.05,22.397],[80.067,22.385],[80.073,22.363],[80.091,22.348],[80.093,22.336],[80.087,22.322],[80.09,22.25],[80.065,22.224],[80.037,22.185],[80.042,22.139],[80.087,22.041],[80.097,22.031],[80.108,22.014],[80.108,21.969],[80.157,21.919],[80.173,21.884],[80.166,21.809],[80.183,21.785],[80.189,21.646],[80.182,21.633],[80.164,21.621],[80.089,21.592],[80.005,21.548],[79.985,21.548],[79.979,21.556],[79.978,21.562],[79.945,21.556],[79.927,21.552],[79.923,21.524],[79.92,21.494],[79.858,21.421],[79.807,21.392],[79.793,21.373],[79.775,21.312],[79.754,21.272],[79.748,21.258],[79.727,21.251],[79.69,21.232],[79.69,21.209],[79.679,21.174],[79.637,21.149],[79.599,21.105],[79.598,21.071],[79.622,21.017],[79.645,20.987],[79.648,20.962],[79.635,20.931],[79.606,20.88],[79.627,20.833],[79.648,20.803],[79.689,20.768],[79.835,20.686],[79.924,20.672],[79.926,20.585],[79.94,20.534],[79.94,20.435],[79.964,20.401],[79.944,20.308],[79.972,20.253],[79.972,20.205],[79.948,20.204],[79.93,20.184],[79.92,20.162],[79.947,20.125],[79.961,20.118],[79.972,20.088],[79.965,20.012],[79.91,19.972],[79.876,19.997],[79.851,20.026],[79.831,20.037],[79.81,20.037],[79.772,19.999],[79.773,19.952],[79.796,19.917],[79.785,19.862],[79.773,19.845],[79.752,19.834],[79.746,19.819],[79.748,19.772],[79.772,19.725],[79.789,19.643],[79.864,19.514],[79.903,19.502],[79.932,19.48],[79.969,19.416],[79.968,19.374],[79.957,19.336],[79.943,19.28],[79.931,19.249],[79.931,19.212],[79.944,19.169],[79.894,19.137],[79.862,19.081],[79.882,19.042],[79.942,19.038],[79.965,18.935],[79.96,18.867],[79.917,18.827]]]}},{"type":"Feature","properties":{"name":"Banas","r":8.0},"geometry":{"type":"MultiLineString","coordinates":[[[73.542,24.867],[73.669,24.93],[73.871,24.978],[73.918,25.014],[74.059,25.065],[74.085,25.062],[74.108,25.049],[74.284,25.042],[74.411,25.112],[74.473,25.179],[74.542,25.207],[74.581,25.208],[74.606,25.215],[74.634,25.241],[74.679,25.244],[74.721,25.233],[74.86,25.258],[74.919,25.248],[74.932,25.266],[74.955,25.272],[75.039,25.254],[75.065,25.303],[75.067,25.333],[75.057,25.358],[75.069,25.397],[75.059,25.444],[75.078,25.476],[75.217,25.625],[75.222,25.644],[75.23,25.663],[75.252,25.679],[75.271,25.702],[75.279,25.736],[75.384,25.878],[75.458,25.925],[75.475,25.902],[75.491,25.892],[75.523,25.886],[75.55,25.901],[75.543,25.943],[75.549,25.982],[75.606,25.98],[75.645,25.999],[75.666,26.057],[75.654,26.141],[75.692,26.174],[75.73,26.182],[75.782,26.216],[75.819,26.213],[75.875,26.186],[75.943,26.165],[75.965,26.134],[75.995,26.11],[76.045,26.119],[76.171,26.176],[76.376,26.191],[76.449,26.212],[76.581,26.216],[76.616,26.191],[76.607,26.16],[76.618,26.138],[76.659,26.127],[76.671,26.102],[76.677,26.075],[76.659,26.029],[76.66,25.997],[76.677,25.976],[76.704,25.96],[76.74,25.926]]]}},{"type":"Feature","properties":{"name":"Tel","r":8.0},"geometry":{"type":"MultiLineString","coordinates":[[[82.063,19.746],[82.123,19.767],[82.181,19.75],[82.257,19.764],[82.373,19.862],[82.43,19.897],[82.494,19.899],[82.584,19.873],[82.821,19.909],[82.933,19.933],[82.948,19.945],[82.993,19.968],[83.022,19.999],[83.112,20.146],[83.208,20.2],[83.369,20.336],[83.428,20.402],[83.502,20.462],[83.537,20.464],[83.562,20.475],[83.675,20.551],[83.723,20.609],[83.72,20.654],[83.783,20.784],[83.834,20.814],[83.894,20.817],[83.951,20.84]]]}},{"type":"Feature","properties":{"name":"Zay\u00fc","r":8.0},"geometry":{"type":"MultiLineString","coordinates":[[[97.148,29.439],[97.142,29.393],[97.172,29.325],[97.207,29.167],[97.243,29.11],[97.306,29.099],[97.343,29.083],[97.379,29.048],[97.434,28.94],[97.486,28.851],[97.486,28.801],[97.472,28.689],[97.435,28.643],[97.326,28.626],[97.247,28.608],[97.213,28.613],[97.14,28.585],[97.084,28.528]]]}},{"type":"Feature","properties":{"name":"Palar","r":8.0},"geometry":{"type":"MultiLineString","coordinates":[[[77.904,13.244],[77.93,13.243],[77.955,13.255],[77.976,13.249],[78.026,13.227],[78.175,13.209],[78.242,13.161],[78.267,13.132],[78.301,13.057],[78.353,12.991],[78.414,12.973],[78.429,12.958],[78.414,12.934],[78.394,12.914],[78.407,12.83],[78.396,12.817],[78.395,12.804],[78.405,12.787],[78.428,12.727],[78.472,12.688],[78.53,12.673],[78.647,12.741],[78.703,12.814],[78.799,12.878],[78.963,12.934],[79.082,12.933],[79.148,12.946],[79.197,12.97],[79.25,12.959],[79.402,12.873],[79.642,12.814],[79.778,12.774],[79.872,12.769],[79.946,12.724],[79.963,12.609],[80.0,12.535],[80.15,12.462]]]}},{"type":"Feature","properties":{"name":null,"r":8.0},"geometry":{"type":"MultiLineString","coordinates":[[[90.365,29.119],[90.327,29.131],[90.317,29.117],[90.301,29.111],[90.278,29.122],[90.261,29.125],[90.2,29.116],[90.19,29.123],[90.186,29.135],[90.177,29.14],[90.15,29.141],[90.12,29.12],[90.087,29.105],[90.057,29.113],[90.004,29.149],[89.942,29.209],[89.873,29.226],[89.848,29.241]]]}},{"type":"Feature","properties":{"name":"Luhit","r":8.0},"geometry":{"type":"MultiLineString","coordinates":[[[97.084,28.528],[97.051,28.435],[97.038,28.323],[97.044,28.147],[96.988,28.027],[96.98,27.959],[96.928,27.914],[96.864,27.896],[96.822,27.929],[96.784,27.949],[96.686,27.98],[96.574,28.085],[96.514,28.089],[96.453,28.048],[96.426,27.984],[96.417,27.915],[96.377,27.89],[96.301,27.902],[96.191,27.903],[96.145,27.906],[96.095,27.896],[95.888,27.817],[95.869,27.821],[95.85,27.82],[95.765,27.77],[95.739,27.768],[95.728,27.778],[95.641,27.809],[95.569,27.807],[95.539,27.819],[95.501,27.821],[95.477,27.818],[95.459,27.844]]]}},{"type":"Feature","properties":{"name":"Kolidam","r":8.0},"geometry":{"type":"MultiLineString","coordinates":[[[78.678,10.869],[78.732,10.853],[78.786,10.851],[78.865,10.845],[78.959,10.879],[79.015,10.885],[79.045,10.886],[79.079,10.913],[79.195,10.942],[79.398,11.074],[79.443,11.133],[79.512,11.179],[79.555,11.197],[79.578,11.216],[79.608,11.228],[79.613,11.245],[79.628,11.255],[79.636,11.25],[79.649,11.248],[79.651,11.261],[79.649,11.269],[79.665,11.291]]]}},{"type":"Feature","properties":{"name":null,"r":9.0},"geometry":{"type":"MultiLineString","coordinates":[[[81.387,7.198],[81.435,7.202],[81.504,7.204],[81.546,7.214]]]}},{"type":"Feature","properties":{"name":null,"r":9.0},"geometry":{"type":"MultiLineString","coordinates":[[[81.546,7.214],[81.626,7.234],[81.637,7.25],[81.681,7.279],[81.773,7.287],[81.824,7.284]],[[81.311,7.016],[81.296,7.061],[81.294,7.086],[81.286,7.122],[81.329,7.166],[81.344,7.186],[81.369,7.198]]]}}]}